region,regionLabel,capitalLabel,countryLabel,links,national
http://www.wikidata.org/entity/Q528953,Capital Governorate,Manama,Bahrain,40,true
http://www.wikidata.org/entity/Q497019,Praia,Praia,Cape Verde,26,true
http://www.wikidata.org/entity/Q316291,Maritime,Lomé,Togo,44,true
http://www.wikidata.org/entity/Q207199,Lisbon,Lisbon,Portugal,57,true
http://www.wikidata.org/entity/Q856268,Dakar,Dakar,Senegal,36,true
http://www.wikidata.org/entity/Q310385,Khartoum,Khartoum,Sudan,46,true
http://www.wikidata.org/entity/Q35,Denmark,Copenhagen,Kingdom of Denmark,369,true
http://www.wikidata.org/entity/Q390377,Vientiane,Vientiane,Laos,34,true
http://www.wikidata.org/entity/Q29169,Ouémé Department,Porto-Novo,Benin,47,true
http://www.wikidata.org/entity/Q187712,Emirate of Abu Dhabi,Abu Dhabi,United Arab Emirates,100,true
http://www.wikidata.org/entity/Q104231,Stockholm County,Stockholm,Sweden,83,true
http://www.wikidata.org/entity/Q739951,Centre,Yaoundé,Cameroon,47,true
http://www.wikidata.org/entity/Q860758,Central Region,Lilongwe,Malawi,43,true
http://www.wikidata.org/entity/Q2723419,Capital District,Asunción,Paraguay,6,true
http://www.wikidata.org/entity/Q127167,Western Cape,Cape Town,South Africa,95,true
http://www.wikidata.org/entity/Q1050475,Western Area,Freetown,Sierra Leone,33,true
http://www.wikidata.org/entity/Q492791,Capital District,Caracas,Venezuela,36,true
http://www.wikidata.org/entity/Q11911,Canton of Berne,Bern,Switzerland,104,true
http://www.wikidata.org/entity/Q1093166,Ramallah and al-Bireh Governorate,Ramallah,Palestine,32,true
http://www.wikidata.org/entity/Q272784,La Paz Department,La Paz,Bolivia,64,true
http://www.wikidata.org/entity/Q941828,Quds Governorate,Jerusalem,Palestine,33,true
http://www.wikidata.org/entity/Q858513,New Providence,Nassau,The Bahamas,45,true
http://www.wikidata.org/entity/Q1130134,Paramaribo District,Paramaribo,Suriname,40,true
http://www.wikidata.org/entity/Q182888,Iași County,Iași,Romania,67,true
http://www.wikidata.org/entity/Q12182414,Djibouti Region,Djibouti,Djibouti,15,true
http://www.wikidata.org/entity/Q1452368,Kosovo District,Pristina,Serbia,24,true
http://www.wikidata.org/entity/Q720843,Gitega Province,Gitega,Burundi,41,true
http://www.wikidata.org/entity/Q1318549,Bissau Autonomous Sector,Bissau,Guinea-Bissau,8,true
http://www.wikidata.org/entity/Q141026,Algiers Province,Algiers,Algeria,56,true
http://www.wikidata.org/entity/Q188933,Kabul Province,Kabul,Afghanistan,75,true
http://www.wikidata.org/entity/Q1543219,San Salvador Department,San Salvador,El Salvador,42,true
http://www.wikidata.org/entity/Q190066,Luanda Province,Luanda,Angola,68,true
http://www.wikidata.org/entity/Q188612,Pest County,Budapest,Hungary,70,true
http://www.wikidata.org/entity/Q232564,Cundinamarca Department,Bogotá,Colombia,72,true
http://www.wikidata.org/entity/Q173500,County Dublin,Dublin,Ireland,67,true
http://www.wikidata.org/entity/Q192232,Jerusalem District,Jerusalem,Israel,72,true
http://www.wikidata.org/entity/Q191075,Baghdad Governorate,Baghdad,Iraq,57,true
http://www.wikidata.org/entity/Q153009,Brunei-Muara District,Bandar Seri Begawan,Brunei,46,true
http://www.wikidata.org/entity/Q2007044,Damascus Governorate,Damascus,Syria,41,true
http://www.wikidata.org/entity/Q244978,Grande Comore,Moroni,Comoros,58,true
http://www.wikidata.org/entity/Q5756,Community of Madrid,Madrid,Spain,122,true
http://www.wikidata.org/entity/Q235110,Chuquisaca Department,Sucre,Bolivia,66,true
http://www.wikidata.org/entity/Q19951239,Rabat-Salé-Kénitra,Rabat,Morocco,35,true
http://www.wikidata.org/entity/Q249742,Água Grande,São Tomé,São Tomé and Príncipe,26,true
http://www.wikidata.org/entity/Q2074197,City of Belgrade,Belgrade,Serbia,10,true
http://www.wikidata.org/entity/Q232399,Rif Dimashq Governorate,Damascus,Syria,57,true
http://www.wikidata.org/entity/Q213268,Dodoma Region,Dodoma,Tanzania,47,true
http://www.wikidata.org/entity/Q202107,Oromia Region,Addis Ababa,Ethiopia,62,true
http://www.wikidata.org/entity/Q2297724,Ankara Province,Ankara,Turkey,88,true
http://www.wikidata.org/entity/Q272586,Pichincha Province,Quito,Ecuador,52,true
http://www.wikidata.org/entity/Q254889,Thimphu District,Thimphu,Bhutan,47,true
http://www.wikidata.org/entity/Q260009,Managua Department,Managua,Nicaragua,48,true
http://www.wikidata.org/entity/Q431729,Greater Accra Region,Accra,Ghana,48,true
http://www.wikidata.org/entity/Q3625575,Prishtina Municipality,Pristina,Kosovo,13,true
http://www.wikidata.org/entity/Q275729,Aden Governorate,Aden,Yemen,46,true
http://www.wikidata.org/entity/Q388291,Sanaa Governorate,Sanaa,Yemen,41,true
http://www.wikidata.org/entity/Q3551781,District of Columbia,"Washington, D.C.",United States,23,true
http://www.wikidata.org/entity/Q330158,Dhaka Division,Dhaka,Bangladesh,64,true
http://www.wikidata.org/entity/Q509300,Federal Capital Territory,Abuja,Nigeria,45,true
http://www.wikidata.org/entity/Q3258,Australian Capital Territory,Canberra,Australia,121,true
http://www.wikidata.org/entity/Q30805,Cairo Governorate,Cairo,Egypt,61,true
http://www.wikidata.org/entity/Q27710,Maekel Region,Asmara,Eritrea,39,true
http://www.wikidata.org/entity/Q328109,Tunis Governorate,Tunis,Tunisia,37,true
http://www.wikidata.org/entity/Q328193,Dhamar Governorate,Sanaa,Yemen,43,true
http://www.wikidata.org/entity/Q240,Brussels-Capital Region,Brussels,Belgium,132,true
http://www.wikidata.org/entity/Q544762,Muscat Governorate,Muscat,Oman,36,true
http://www.wikidata.org/entity/Q2131,Santiago Metropolitan Region,Santiago,Chile,69,true
http://www.wikidata.org/entity/Q590866,Tehran Province,Tehran,Iran,102,true
http://www.wikidata.org/entity/Q557506,Panamá Province,Panama City,Panama,46,true
http://www.wikidata.org/entity/Q472788,Amman Governorate,Amman,Jordan,42,true
http://www.wikidata.org/entity/Q594208,Ad-Dawhah,Doha,Qatar,24,true
http://www.wikidata.org/entity/Q647808,San José Province,San José,Costa Rica,50,true
http://www.wikidata.org/entity/Q16594,Montevideo Department,Montevideo,Uruguay,51,true
http://www.wikidata.org/entity/Q633490,Districts under Central Government Jurisdiction,Dushanbe,Tajikistan,44,true
http://www.wikidata.org/entity/Q651688,Beirut Governorate,Beirut,Lebanon,42,true
http://www.wikidata.org/entity/Q695660,Guatemala Department,Guatemala City,Guatemala,44,true
http://www.wikidata.org/entity/Q691741,Canton of Luxembourg,Luxembourg,Luxembourg,42,true
http://www.wikidata.org/entity/Q758056,Attica Region,Athens,Greece,62,true
http://www.wikidata.org/entity/Q735570,Hhohho Region,Mbabane,Eswatini,39,true
http://www.wikidata.org/entity/Q860901,Dili Municipality,Dili,Timor-Leste,34,true
http://www.wikidata.org/entity/Q844921,Maseru District,Maseru,Lesotho,37,true
http://www.wikidata.org/entity/Q806070,Banaadir,Mogadishu,Somalia,39,true
http://www.wikidata.org/entity/Q848613,Islamabad Capital Territory,Islamabad,Pakistan,47,true
http://www.wikidata.org/entity/Q819998,Lusaka Province,Lusaka,Zambia,42,true
http://www.wikidata.org/entity/Q834508,Khomas Region,Windhoek,Namibia,49,true
http://www.wikidata.org/entity/Q867126,Francisco Morazán Department,Tegucigalpa,Honduras,41,true
http://www.wikidata.org/entity/Q856010,Wellington Region,Wellington,New Zealand,49,true
http://www.wikidata.org/entity/Q926417,Kampala District,Kampala,Uganda,17,true
http://www.wikidata.org/entity/Q960645,Port Louis District,Port Louis,Mauritius,29,true
http://www.wikidata.org/entity/Q5711,Uusimaa,Helsinki,Finland,74,true
http://www.wikidata.org/entity/Q983748,Jinja District,Kampala,Uganda,24,true
http://www.wikidata.org/entity/Q515655,Kadiogo,Ouagadougou,Burkina Faso,39,true
http://www.wikidata.org/entity/Q55,Netherlands,Amsterdam,Kingdom of the Netherlands,375,true
http://www.wikidata.org/entity/Q13580,Metro Manila,Manila,Philippines,69,true
http://www.wikidata.org/entity/Q28814758,Djibloho,Ciudad de la Paz,Equatorial Guinea,19,true
http://www.wikidata.org/entity/Q32130189,Amanat al-Asimah Governorate,Sanaa,Yemen,3,true
http://www.wikidata.org/entity/Q49655,Schellenberg,Vaduz,Liechtenstein,59,true
http://www.wikidata.org/entity/Q21,England,London,United Kingdom,327,true
http://www.wikidata.org/entity/Q924278,Ǵorče Petrov Municipality,Skopje,North Macedonia,32,true
http://www.wikidata.org/entity/Q202904,Sofia Oblast,Sofia,Bulgaria,66,true
http://www.wikidata.org/entity/Q1186,Kerala,Thiruvananthapuram,India,158,false
http://www.wikidata.org/entity/Q58330,Međimurje County,Čakovec,Croatia,57,false
http://www.wikidata.org/entity/Q191065,Dolj County,Craiova,Romania,66,false
http://www.wikidata.org/entity/Q192882,Najaf Governorate,Najaf,Iraq,59,false
http://www.wikidata.org/entity/Q43924,Adıyaman Province,Adıyaman,Turkey,91,false
http://www.wikidata.org/entity/Q264180,Hebron Governorate,Hebron,Palestine,34,false
http://www.wikidata.org/entity/Q43233,Espírito Santo,Vitória,Brazil,110,false
http://www.wikidata.org/entity/Q907395,Dobrich,Dobrich,Bulgaria,74,false
http://www.wikidata.org/entity/Q308864,Mazandaran Province,Sari,Iran,89,false
http://www.wikidata.org/entity/Q168953,Aïn Defla Province,Aïn Deflaa,Algeria,57,false
http://www.wikidata.org/entity/Q483053,Eskişehir Province,Eskişehir,Turkey,77,false
http://www.wikidata.org/entity/Q40885,Alagoas,Maceió,Brazil,114,false
http://www.wikidata.org/entity/Q43319,Mato Grosso do Sul,Campo Grande,Brazil,119,false
http://www.wikidata.org/entity/Q390267,North Governorate,Tripoli,Lebanon,48,false
http://www.wikidata.org/entity/Q131287,Nara Prefecture,Nara,Japan,105,false
http://www.wikidata.org/entity/Q193436,Lezhë County,Lezhë,Albania,67,false
http://www.wikidata.org/entity/Q66278313,Jammu and Kashmir,Srinagar,India,75,false
http://www.wikidata.org/entity/Q43407,Shandong,Jinan,People's Republic of China,128,false
http://www.wikidata.org/entity/Q189296,Berat County,Berat,Albania,72,false
http://www.wikidata.org/entity/Q648758,North Bačka District,Subotica,Serbia,41,false
http://www.wikidata.org/entity/Q132410,Mpumalanga,Mbombela,South Africa,90,false
http://www.wikidata.org/entity/Q241119,Khuzestan Province,Ahvaz,Iran,97,false
http://www.wikidata.org/entity/Q2012583,Stara Zagora,Stara Zagora,Bulgaria,70,false
http://www.wikidata.org/entity/Q1363,Tripura,Agartala,India,134,false
http://www.wikidata.org/entity/Q79846,Aydın Province,Aydın,Turkey,92,false
http://www.wikidata.org/entity/Q20652586,Souss-Massa,Agadir,Morocco,37,false
http://www.wikidata.org/entity/Q80036,Amasya Province,Amasya,Turkey,90,false
http://www.wikidata.org/entity/Q131664,Qom Province,Qom,Iran,89,false
http://www.wikidata.org/entity/Q43783,Sergipe,Aracaju,Brazil,112,false
http://www.wikidata.org/entity/Q80011,Chiba Prefecture,Chiba,Japan,109,false
http://www.wikidata.org/entity/Q235106,Santa Cruz Department,Santa Cruz de la Sierra,Bolivia,66,false
http://www.wikidata.org/entity/Q57695,South-East District,Ramotswa,Botswana,42,false
http://www.wikidata.org/entity/Q57581,Kgalagadi District,Tshabong,Botswana,43,false
http://www.wikidata.org/entity/Q57599,Kweneng District,Molepolole,Botswana,43,false
http://www.wikidata.org/entity/Q57609,Southern District,Kanye,Botswana,42,false
http://www.wikidata.org/entity/Q57617,North-West District,Maun,Botswana,42,false
http://www.wikidata.org/entity/Q42824,Mato Grosso,Cuiabá,Brazil,116,false
http://www.wikidata.org/entity/Q82096,Denizli Province,Denizli,Turkey,83,false
http://www.wikidata.org/entity/Q188796,Galați County,Galați,Romania,62,false
http://www.wikidata.org/entity/Q192536,Zlín Region,Zlín,Czech Republic,68,false
http://www.wikidata.org/entity/Q268043,Isparta Province,Isparta,Turkey,79,false
http://www.wikidata.org/entity/Q4856305,Kotor Municipality,Kotor,Montenegro,24,false
http://www.wikidata.org/entity/Q190518,Szabolcs-Szatmár-Bereg County,Nyíregyháza,Hungary,68,false
http://www.wikidata.org/entity/Q181018,Bács-Kiskun County,Kecskemét,Hungary,71,false
http://www.wikidata.org/entity/Q40780,Acre,Rio Branco,Brazil,119,false
http://www.wikidata.org/entity/Q43269,Zulia,Maracaibo,Venezuela,66,false
http://www.wikidata.org/entity/Q165352,Kerman Province,Kerman,Iran,86,false
http://www.wikidata.org/entity/Q22048,Odisha,Bhubaneswar,India,149,false
http://www.wikidata.org/entity/Q59153,Larnaca District,Larnaca,Cyprus,55,false
http://www.wikidata.org/entity/Q57052,Jiangxi,Nanchang,People's Republic of China,119,false
http://www.wikidata.org/entity/Q1074341,Rafah Governorate,Rafah,Palestine,36,false
http://www.wikidata.org/entity/Q200045,Imereti,Kutaisi,Georgia,67,false
http://www.wikidata.org/entity/Q43235,Rondônia,Porto Velho,Brazil,114,false
http://www.wikidata.org/entity/Q275720,'Amran Governorate,ʿAmrān,Yemen,43,false
http://www.wikidata.org/entity/Q79754,Querétaro,Santiago de Querétaro,Mexico,100,false
http://www.wikidata.org/entity/Q804311,Blagoevgrad,Blagoevgrad,Bulgaria,76,false
http://www.wikidata.org/entity/Q193268,Kirkuk Governorate,Kirkuk,Iraq,56,false
http://www.wikidata.org/entity/Q3305075,Old Royal Capital Cetinje,Cetinje,Montenegro,21,false
http://www.wikidata.org/entity/Q2012621,Veliko Tarnovo,Veliko Tarnovo,Bulgaria,70,false
http://www.wikidata.org/entity/Q232355,Hama Governorate,Hama,Syria,57,false
http://www.wikidata.org/entity/Q179559,Arad County,Arad,Romania,72,false
http://www.wikidata.org/entity/Q193454,Gjirokastër County,Gjirokastër,Albania,67,false
http://www.wikidata.org/entity/Q180415,Ghazni Province,Ghazni,Afghanistan,75,false
http://www.wikidata.org/entity/Q483091,Elazığ Province,Elazığ,Turkey,79,false
http://www.wikidata.org/entity/Q45761,Hunan,Changsha,People's Republic of China,127,false
http://www.wikidata.org/entity/Q3739214,Budva Municipality,Budva,Montenegro,24,false
http://www.wikidata.org/entity/Q1184,Jharkhand,Ranchi,India,133,false
http://www.wikidata.org/entity/Q45868,Alba County,Alba Iulia,Romania,73,false
http://www.wikidata.org/entity/Q131320,Shizuoka Prefecture,Shizuoka,Japan,101,false
http://www.wikidata.org/entity/Q232382,Tartus Governorate,Tartus,Syria,55,false
http://www.wikidata.org/entity/Q83069,Sakarya Province,Adapazarı,Turkey,85,false
http://www.wikidata.org/entity/Q458524,Yevlakh District,Yevlakh,Azerbaijan,48,false
http://www.wikidata.org/entity/Q850435,Hodh El Gharbi,Ayoun el Atrous,Mauritania,31,false
http://www.wikidata.org/entity/Q2017517,Kosovska Mitrovica District,Mitrovica,Serbia,16,false
http://www.wikidata.org/entity/Q928828,Gilan Province,Rasht,Iran,95,false
http://www.wikidata.org/entity/Q113120,Sliven,Sliven,Bulgaria,67,false
http://www.wikidata.org/entity/Q22807284,Thessaly Region,Larissa,Greece,64,false
http://www.wikidata.org/entity/Q2012772,Vidin,Vidin,Bulgaria,74,false
http://www.wikidata.org/entity/Q178861,Botoșani County,Botoșani,Romania,70,false
http://www.wikidata.org/entity/Q191616,Békés County,Békéscsaba,Hungary,66,false
http://www.wikidata.org/entity/Q201137,Delta Amacuro,Tucupita,Venezuela,64,false
http://www.wikidata.org/entity/Q1151066,Mukono District,Mukono,Uganda,24,false
http://www.wikidata.org/entity/Q243808,Phatthalung,Phatthalung,Thailand,50,false
http://www.wikidata.org/entity/Q276574,Kairouan Governorate,Kairouan,Tunisia,39,false
http://www.wikidata.org/entity/Q188665,Prahova County,Ploiești,Romania,65,false
http://www.wikidata.org/entity/Q15176,Guangxi,Nanning,People's Republic of China,125,false
http://www.wikidata.org/entity/Q1490,Tokyo,Shinjuku,Japan,302,false
http://www.wikidata.org/entity/Q134411,West Azerbaijan Province,Urmia,Iran,89,false
http://www.wikidata.org/entity/Q132705,Niigata Prefecture,Niigata,Japan,100,false
http://www.wikidata.org/entity/Q97231093,Jelgava Municipality,Jelgava,Latvia,28,false
http://www.wikidata.org/entity/Q174010,Kermanshah Province,Kermanshah,Iran,88,false
http://www.wikidata.org/entity/Q134228,Ardabil Province,Ardabil,Iran,93,false
http://www.wikidata.org/entity/Q1007272,Gabrovo,Gabrovo,Bulgaria,73,false
http://www.wikidata.org/entity/Q193295,Hradec Králové Region,Hradec Králové,Czech Republic,71,false
http://www.wikidata.org/entity/Q165408,Western Macedonia Region,Kozani,Greece,75,false
http://www.wikidata.org/entity/Q40130,Amapá,Macapá,Brazil,117,false
http://www.wikidata.org/entity/Q5709,Satakunta,Pori,Finland,68,false
http://www.wikidata.org/entity/Q97232589,Rēzekne Municipality,Rēzekne,Latvia,32,false
http://www.wikidata.org/entity/Q260796,Aqaba Governorate,Aqaba,Jordan,43,false
http://www.wikidata.org/entity/Q276565,Sousse Governorate,Sousse,Tunisia,38,false
http://www.wikidata.org/entity/Q1813849,Švenčionys District Municipality,Švenčionys,Lithuania,28,false
http://www.wikidata.org/entity/Q207068,Chon Buri,Chonburi,Thailand,59,false
http://www.wikidata.org/entity/Q780784,Zacapa Department,Zacapa,Guatemala,42,false
http://www.wikidata.org/entity/Q80269,Zacatecas,Zacatecas,Mexico,105,false
http://www.wikidata.org/entity/Q1129788,La Paz Department,Zacatecoluca,El Salvador,40,false
http://www.wikidata.org/entity/Q173822,Brest region,Brest,Belarus,84,false
http://www.wikidata.org/entity/Q31074,Sharqia Governorate,Zagazig,Egypt,51,false
http://www.wikidata.org/entity/Q939575,Sistan and Baluchestan Province,Zahedan,Iran,95,false
http://www.wikidata.org/entity/Q13220435,municipality of Cerkno,Cerkno,Slovenia,26,false
http://www.wikidata.org/entity/Q967339,Zaječar District,Zaječar,Serbia,36,false
http://www.wikidata.org/entity/Q183640,Banská Bystrica Region,Banská Bystrica,Slovakia,71,false
http://www.wikidata.org/entity/Q183139,Trenčín Region,Trenčín,Slovakia,67,false
http://www.wikidata.org/entity/Q190690,Sălaj County,Zalău,Romania,64,false
http://www.wikidata.org/entity/Q386506,Qusar District,Qusar,Azerbaijan,47,false
http://www.wikidata.org/entity/Q188890,Veszprém County,Veszprém,Hungary,68,false
http://www.wikidata.org/entity/Q193266,Liberec Region,Liberec,Czech Republic,71,false
http://www.wikidata.org/entity/Q146726,Zanjan Province,Zanjan,Iran,86,false
http://www.wikidata.org/entity/Q630900,Tshopo,Kisangani,Democratic Republic of the Congo,40,false
http://www.wikidata.org/entity/Q71699,Aomori Prefecture,Aomori,Japan,108,false
http://www.wikidata.org/entity/Q130553,Manisa Province,Manisa,Turkey,86,false
http://www.wikidata.org/entity/Q2423082,Štip Municipality,Štip,North Macedonia,29,false
http://www.wikidata.org/entity/Q147553,Zaqatala District,Zagatala,Azerbaijan,49,false
http://www.wikidata.org/entity/Q664415,Zarasai District Municipality,Zarasai,Lithuania,26,false
http://www.wikidata.org/entity/Q721445,Zarqa Governorate,Zarqa,Jordan,43,false
http://www.wikidata.org/entity/Q335526,Esmeraldas Province,Esmeraldas,Ecuador,48,false
http://www.wikidata.org/entity/Q90027,German-speaking Community,Eupen,Belgium,56,false
http://www.wikidata.org/entity/Q189541,Duhok Governorate,Duhok,Iraq,62,false
http://www.wikidata.org/entity/Q389737,Tanga Region,Tanga,Tanzania,47,false
http://www.wikidata.org/entity/Q153326,Singida Region,Singida,Tanzania,44,false
http://www.wikidata.org/entity/Q824373,Upper River Division,Basse Santa Su,The Gambia,35,false
http://www.wikidata.org/entity/Q633659,Hormozgan Province,Bandar Abbas,Iran,92,false
http://www.wikidata.org/entity/Q189822,Mahilyow Region,Mahilyow,Belarus,80,false
http://www.wikidata.org/entity/Q1466462,Hiiu County,Kärdla,Estonia,60,false
http://www.wikidata.org/entity/Q97231583,Kuldīga Municipality,Kuldīga,Latvia,28,false
http://www.wikidata.org/entity/Q1697,Moscow Oblast,Krasnogorsk,Russia,132,false
http://www.wikidata.org/entity/Q483191,Kastamonu Province,Kastamonu,Turkey,78,false
http://www.wikidata.org/entity/Q109348,North Pyongan Province,Sinuiju,North Korea,57,false
http://www.wikidata.org/entity/Q165376,Badakhshan Province,Fayzabad,Afghanistan,84,false
http://www.wikidata.org/entity/Q170213,Zakarpattia Oblast,Uzhhorod,Ukraine,105,false
http://www.wikidata.org/entity/Q40637,Zhytomyr Oblast,Zhytomyr,Ukraine,102,false
http://www.wikidata.org/entity/Q171331,Khmelnytskyi Oblast,Khmelnytskyi,Ukraine,100,false
http://www.wikidata.org/entity/Q178269,Ivano-Frankivsk Oblast,Ivano-Frankivsk,Ukraine,99,false
http://www.wikidata.org/entity/Q163271,Kherson Oblast,Kherson,Ukraine,111,false
http://www.wikidata.org/entity/Q174187,Rivne Oblast,Rivne,Ukraine,101,false
http://www.wikidata.org/entity/Q173407,Ternopil Oblast,Ternopil,Ukraine,101,false
http://www.wikidata.org/entity/Q169501,Poltava Oblast,Poltava,Ukraine,101,false
http://www.wikidata.org/entity/Q170446,Sumy Oblast,Sumy,Ukraine,101,false
http://www.wikidata.org/entity/Q749618,Struga Municipality,Struga,North Macedonia,31,false
http://www.wikidata.org/entity/Q192702,Ústí nad Labem Region,Ústí nad Labem,Czech Republic,69,false
http://www.wikidata.org/entity/Q3245456,Tetovo Municipality,Tetovo,North Macedonia,33,false
http://www.wikidata.org/entity/Q2476159,Kruševo Municipality,Kruševo,North Macedonia,30,false
http://www.wikidata.org/entity/Q6312454,Prilep Municipality,Prilep,North Macedonia,32,false
http://www.wikidata.org/entity/Q161808,Cherkasy Oblast,Cherkasy,Ukraine,104,false
http://www.wikidata.org/entity/Q167874,Chernihiv Oblast,Chernihiv,Ukraine,100,false
http://www.wikidata.org/entity/Q521112,Gostivar Municipality,Gostivar,North Macedonia,33,false
http://www.wikidata.org/entity/Q2018974,Gevgelija Municipality,Gevgelija,North Macedonia,35,false
http://www.wikidata.org/entity/Q166709,Vinnytsia Oblast,Vinnytsia,Ukraine,100,false
http://www.wikidata.org/entity/Q159380,Bitola Municipality,Bitola,North Macedonia,31,false
http://www.wikidata.org/entity/Q168856,Chernivtsi Oblast,Chernivtsi,Ukraine,102,false
http://www.wikidata.org/entity/Q1323322,Delčevo Municipality,Delčevo,North Macedonia,34,false
http://www.wikidata.org/entity/Q171334,Zaporizhzhia Oblast,Zaporizhzhia,Ukraine,109,false
http://www.wikidata.org/entity/Q502341,North,Garoua,Cameroon,44,false
http://www.wikidata.org/entity/Q2018957,Kičevo Municipality,Kičevo,North Macedonia,30,false
http://www.wikidata.org/entity/Q1155055,Kavadarci Municipality,Kavadarci,North Macedonia,30,false
http://www.wikidata.org/entity/Q180981,Kirovohrad Oblast,Kropyvnytskyi,Ukraine,99,false
http://www.wikidata.org/entity/Q388960,Shusha District,Shusha,Azerbaijan,50,false
http://www.wikidata.org/entity/Q132945,Bushehr Province,Bushehr,Iran,89,false
http://www.wikidata.org/entity/Q205068,Arequipa Department,Arequipa,Peru,59,false
http://www.wikidata.org/entity/Q192849,Vlorë County,Vlorë,Albania,67,false
http://www.wikidata.org/entity/Q80370,Batman Province,Batman,Turkey,85,false
http://www.wikidata.org/entity/Q1251933,Ruse,Ruse,Bulgaria,74,false
http://www.wikidata.org/entity/Q483040,Samsun Province,Samsun,Turkey,82,false
http://www.wikidata.org/entity/Q1267522,Crete Region,Heraklion,Greece,28,false
http://www.wikidata.org/entity/Q171965,Luhansk Oblast,Siverskodonetsk,Ukraine,108,false
http://www.wikidata.org/entity/Q2177,Los Ríos Region,Valdivia,Chile,70,false
http://www.wikidata.org/entity/Q80903,Hidalgo,Pachuca,Mexico,105,false
http://www.wikidata.org/entity/Q573467,Karas Region,Keetmanshoop,Namibia,47,false
http://www.wikidata.org/entity/Q71707,Fukushima Prefecture,Fukushima,Japan,112,false
http://www.wikidata.org/entity/Q740591,Resen Municipality,Resen,North Macedonia,31,false
http://www.wikidata.org/entity/Q2364199,Makedonski Brod Municipality,Makedonski Brod,North Macedonia,29,false
http://www.wikidata.org/entity/Q2041219,Makedonska Kamenica Municipality,Makedonska Kamenica,North Macedonia,31,false
http://www.wikidata.org/entity/Q5706,North Savo,Kuopio,Finland,68,false
http://www.wikidata.org/entity/Q26417,Sirte District,Sirte,Libya,41,false
http://www.wikidata.org/entity/Q36156,East Kazakhstan Region,Oskemen,Kazakhstan,77,false
http://www.wikidata.org/entity/Q426114,Pehčevo Municipality,Pehčevo,North Macedonia,31,false
http://www.wikidata.org/entity/Q223643,South Governorate,Sidon,Lebanon,48,false
http://www.wikidata.org/entity/Q3246545,Negotino Municipality,Negotino,North Macedonia,32,false
http://www.wikidata.org/entity/Q60176,Yucatán,Mérida,Mexico,111,false
http://www.wikidata.org/entity/Q42722,Piauí,Teresina,Brazil,113,false
http://www.wikidata.org/entity/Q57636,North-East District,Francistown,Botswana,42,false
http://www.wikidata.org/entity/Q2012242,Pleven,Pleven,Bulgaria,72,false
http://www.wikidata.org/entity/Q190131,Saladin Governorate,Tikrit,Iraq,62,false
http://www.wikidata.org/entity/Q131384,Malatya Province,Malatya,Turkey,80,false
http://www.wikidata.org/entity/Q97231916,Limbaži Municipality,Limbaži,Latvia,30,false
http://www.wikidata.org/entity/Q45220,Afyonkarahisar Province,Afyonkarahisar,Turkey,90,false
http://www.wikidata.org/entity/Q17012,Guadeloupe,Basse-Terre,France,179,false
http://www.wikidata.org/entity/Q191604,Heves County,Eger,Hungary,67,false
http://www.wikidata.org/entity/Q544118,Šumadija District,Kragujevac,Serbia,37,false
http://www.wikidata.org/entity/Q38088,Paraíba,João Pessoa,Brazil,116,false
http://www.wikidata.org/entity/Q189942,Northern District,Nof HaGalil,Israel,68,false
http://www.wikidata.org/entity/Q1345325,Ventspils Municipality,Ventspils,Latvia,30,false
http://www.wikidata.org/entity/Q54157,Lubusz Voivodeship,Zielona Góra,Poland,101,false
http://www.wikidata.org/entity/Q54157,Lubusz Voivodeship,Gorzów Wielkopolski,Poland,101,false
http://www.wikidata.org/entity/Q2634400,Constitutional Province of Callao,Callao,Peru,21,false
http://www.wikidata.org/entity/Q483100,Sivas Province,Sivas,Turkey,79,false
http://www.wikidata.org/entity/Q97230394,Cēsis Municipality,Cēsis,Latvia,30,false
http://www.wikidata.org/entity/Q50614,Østfold,Sarpsborg,Norway,79,false
http://www.wikidata.org/entity/Q97233086,Valmiera Municipality,Valmiera,Latvia,18,false
http://www.wikidata.org/entity/Q186418,Kunduz Province,Kunduz,Afghanistan,75,false
http://www.wikidata.org/entity/Q506056,Belize District,Belize City,Belize,45,false
http://www.wikidata.org/entity/Q180231,County Kilkenny,Kilkenny,Ireland,63,false
http://www.wikidata.org/entity/Q109361,North Hamgyong Province,Chongjin,North Korea,55,false
http://www.wikidata.org/entity/Q109368,South Hamgyong Province,Hamhung,North Korea,56,false
http://www.wikidata.org/entity/Q41416,Kangwon Province,Wonsan,North Korea,55,false
http://www.wikidata.org/entity/Q379658,Maputo Province,Matola,Mozambique,43,false
http://www.wikidata.org/entity/Q331153,Mwanza Region,Mwanza,Tanzania,44,false
http://www.wikidata.org/entity/Q2507287,Peja Municipality,Peja,Kosovo,12,false
http://www.wikidata.org/entity/Q2510536,Peć District,Peja,Serbia,17,false
http://www.wikidata.org/entity/Q79918,Durango,Victoria de Durango,Mexico,104,false
http://www.wikidata.org/entity/Q193790,Elbasan County,Elbasan,Albania,68,false
http://www.wikidata.org/entity/Q115325,Artemisa Province,Artemisa,Cuba,46,false
http://www.wikidata.org/entity/Q2604068,Bar Municipality,Bar,Montenegro,24,false
http://www.wikidata.org/entity/Q153329,Rukwa Region,Sumbawanga,Tanzania,45,false
http://www.wikidata.org/entity/Q215147,Camagüey Province,Camagüey,Cuba,57,false
http://www.wikidata.org/entity/Q115046,Granma Province,Bayamo,Cuba,54,false
http://www.wikidata.org/entity/Q220692,Ciego de Ávila Province,Ciego de Ávila,Cuba,50,false
http://www.wikidata.org/entity/Q115334,Las Tunas Province,Las Tunas,Cuba,55,false
http://www.wikidata.org/entity/Q193464,Korçë County,Korçë,Albania,68,false
http://www.wikidata.org/entity/Q234200,Santiago de Cuba Province,Santiago de Cuba,Cuba,52,false
http://www.wikidata.org/entity/Q189974,Jõgeva County,Jõgeva,Estonia,68,false
http://www.wikidata.org/entity/Q275758,Tak,Tak,Thailand,54,false
http://www.wikidata.org/entity/Q131387,Muş Province,Muş,Turkey,80,false
http://www.wikidata.org/entity/Q587090,Razavi Khorasan Province,Mashhad,Iran,85,false
http://www.wikidata.org/entity/Q214572,Huíla Province,Lubango,Angola,58,false
http://www.wikidata.org/entity/Q376797,Erzurum Province,Erzurum,Turkey,85,false
http://www.wikidata.org/entity/Q5702,Ostrobothnia,Vaasa,Finland,68,false
http://www.wikidata.org/entity/Q79923,Puebla,Heroica Puebla de Zaragoza,Mexico,109,false
http://www.wikidata.org/entity/Q132418,Northern Cape,Kimberley,South Africa,90,false
http://www.wikidata.org/entity/Q316306,Plateaux Region,Atakpamé,Togo,36,false
http://www.wikidata.org/entity/Q19951300,Tangier-Tetouan-Al Hoceima,Tangier,Morocco,36,false
http://www.wikidata.org/entity/Q43210,Burgenland,Eisenstadt,Austria,116,false
http://www.wikidata.org/entity/Q83077,Kars Province,Kars,Turkey,82,false
http://www.wikidata.org/entity/Q127877,Nagano Prefecture,Nagano,Japan,103,false
http://www.wikidata.org/entity/Q1061076,Nišava District,Niš,Serbia,39,false
http://www.wikidata.org/entity/Q169923,County Galway,Galway,Ireland,76,false
http://www.wikidata.org/entity/Q83965,Kocaeli Province,İzmit,Turkey,86,false
http://www.wikidata.org/entity/Q187693,Fejér County,Székesfehérvár,Hungary,70,false
http://www.wikidata.org/entity/Q234505,Vaupés Department,Mitú,Colombia,57,false
http://www.wikidata.org/entity/Q21606902,Beni Abbes Province,Béni Abbès,Algeria,16,false
http://www.wikidata.org/entity/Q238645,Guainía Department,Inírida,Colombia,59,false
http://www.wikidata.org/entity/Q268729,Vichada Department,Puerto Carreño,Colombia,59,false
http://www.wikidata.org/entity/Q865534,Sennar,Singa,Sudan,41,false
http://www.wikidata.org/entity/Q121104,Balkh Province,Mazar-i-Sharif,Afghanistan,81,false
http://www.wikidata.org/entity/Q30797,Luxor Governorate,Luxor,Egypt,55,false
http://www.wikidata.org/entity/Q30971,French Polynesia,Papeete,France,174,false
http://www.wikidata.org/entity/Q11196,Republika Srpska,Banja Luka,Bosnia and Herzegovina,105,false
http://www.wikidata.org/entity/Q21203,Aruba,Oranjestad,Kingdom of the Netherlands,200,false
http://www.wikidata.org/entity/Q214094,Homs Governorate,Homs,Syria,59,false
http://www.wikidata.org/entity/Q32845,Misrata District,البيضاء,Libya,36,false
http://www.wikidata.org/entity/Q34110,Oaxaca,Oaxaca de Juárez,Mexico,125,false
http://www.wikidata.org/entity/Q647378,Şırnak Province,Şırnak,Turkey,78,false
http://www.wikidata.org/entity/Q43255,Rio Grande do Norte,Natal,Brazil,116,false
http://www.wikidata.org/entity/Q193438,Shkodër County,Shkodër,Albania,66,false
http://www.wikidata.org/entity/Q134907,Limpopo,Polokwane,South Africa,91,false
http://www.wikidata.org/entity/Q231331,Oran Province,Oran,Algeria,59,false
http://www.wikidata.org/entity/Q629024,Ubon Ratchathani,Ubon Ratchathani,Thailand,52,false
http://www.wikidata.org/entity/Q27659,Nalut District,Nalut,Libya,37,false
http://www.wikidata.org/entity/Q25279,Curaçao,Willemstad,Kingdom of the Netherlands,166,false
http://www.wikidata.org/entity/Q17063,Mayotte,Mamoudzou,France,165,false
http://www.wikidata.org/entity/Q213189,Erbil Governorate,Erbil,Iraq,62,false
http://www.wikidata.org/entity/Q845172,Littoral,Douala,Cameroon,47,false
http://www.wikidata.org/entity/Q41115,Santa Catarina,Florianópolis,Brazil,116,false
http://www.wikidata.org/entity/Q692912,Otago Region,Dunedin,New Zealand,54,false
http://www.wikidata.org/entity/Q388469,Şanlıurfa Province,Şanlıurfa,Turkey,79,false
http://www.wikidata.org/entity/Q170291,West Greece Region,Patras,Greece,73,false
http://www.wikidata.org/entity/Q178283,County Limerick,Limerick,Ireland,69,false
http://www.wikidata.org/entity/Q48200,Kufra District,Al Jawf,Libya,42,false
http://www.wikidata.org/entity/Q231,Wallonia,Namur,Belgium,118,false
http://www.wikidata.org/entity/Q171965,Luhansk Oblast,Luhansk,Ukraine,108,false
http://www.wikidata.org/entity/Q132637,Mersin Province,Mersin,Turkey,80,false
http://www.wikidata.org/entity/Q187753,Győr-Moson-Sopron County,Győr,Hungary,69,false
http://www.wikidata.org/entity/Q31079,Port Said Governorate,Port Said,Egypt,55,false
http://www.wikidata.org/entity/Q31070,Suez Governorate,Suez,Egypt,53,false
http://www.wikidata.org/entity/Q5697,Central Finland,Jyväskylä,Finland,71,false
http://www.wikidata.org/entity/Q128186,Saitama Prefecture,Saitama,Japan,105,false
http://www.wikidata.org/entity/Q26855,"Archipelago of San Andrés, Providencia and Santa Catalina",San Andrés,Colombia,76,false
http://www.wikidata.org/entity/Q482834,Kahramanmaraş Province,Kahramanmaraş,Turkey,80,false
http://www.wikidata.org/entity/Q1417346,Šiauliai District Municipality,Šiauliai,Lithuania,27,false
http://www.wikidata.org/entity/Q4993831,Šiauliai City Municipality,Šiauliai,Lithuania,6,false
http://www.wikidata.org/entity/Q1124125,Santa Elena Province,Santa Elena,Ecuador,44,false
http://www.wikidata.org/entity/Q881839,Caazapá Department,Caazapá,Paraguay,44,false
http://www.wikidata.org/entity/Q750551,Presidente Hayes Department,Villa Hayes,Paraguay,46,false
http://www.wikidata.org/entity/Q755121,Cordillera Department,Caacupé,Paraguay,45,false
http://www.wikidata.org/entity/Q755115,Ñeembucú Department,Pilar,Paraguay,47,false
http://www.wikidata.org/entity/Q372461,Central Department,Areguá,Paraguay,45,false
http://www.wikidata.org/entity/Q279085,Canindeyú Department,Saltos del Guairá,Paraguay,47,false
http://www.wikidata.org/entity/Q526176,San Pedro Department,San Pedro de Ycuamandiyú,Paraguay,44,false
http://www.wikidata.org/entity/Q483173,Erzincan Province,Erzincan,Turkey,80,false
http://www.wikidata.org/entity/Q682642,Alto Paraguay Department,Fuerte Olimpo,Paraguay,50,false
http://www.wikidata.org/entity/Q179029,Sabah,Kota Kinabalu,Malaysia,102,false
http://www.wikidata.org/entity/Q11196,Republika Srpska,Sarajevo,Bosnia and Herzegovina,105,true
http://www.wikidata.org/entity/Q11198,Federation of Bosnia and Herzegovina,Sarajevo,Bosnia and Herzegovina,74,true
http://www.wikidata.org/entity/Q923117,Vilnius City Municipality,Vilnius,Lithuania,15,true
http://www.wikidata.org/entity/Q13917,Île-de-France,Paris,France,146,true
http://www.wikidata.org/entity/Q36678,West Bank,Ramallah,Palestine,140,true
http://www.wikidata.org/entity/Q12588,Havana Province,Havana,Cuba,16,true
http://www.wikidata.org/entity/Q1282,Lazio,Rome,Italy,156,true
http://www.wikidata.org/entity/Q760888,Guadalcanal Province,Honiara,Solomon Islands,28,true
http://www.wikidata.org/entity/Q650617,Shefa,Port Vila,Vanuatu,38,true
http://www.wikidata.org/entity/Q651453,Surrey County,Kingston,Jamaica,31,true
http://www.wikidata.org/entity/Q36678,West Bank,East Jerusalem,Palestine,140,true
http://www.wikidata.org/entity/Q50615,Akershus,Oslo,Norway,87,true
http://www.wikidata.org/entity/Q32837,Tripoli District,Tripoli,Libya,34,true
http://www.wikidata.org/entity/Q3434113,Ljubljana City Municipality,Ljubljana,Slovenia,28,true
http://www.wikidata.org/entity/Q3305250,Podgorica Capital City,Podgorica,Montenegro,25,true
http://www.wikidata.org/entity/Q27038,Zagreb County,Zagreb,Croatia,63,true
http://www.wikidata.org/entity/Q54169,Masovian Voivodeship,Warsaw,Poland,112,true
http://www.wikidata.org/entity/Q229892,Tirana County,Tirana,Albania,71,true
http://www.wikidata.org/entity/Q54159,Lesser Poland Voivodeship,Kraków,Poland,111,true
http://www.wikidata.org/entity/Q2499228,Distrito Nacional,Santo Domingo,Dominican Republic,25,true
http://www.wikidata.org/entity/Q1540744,Saint George Basseterre Parish,Basseterre,Saint Kitts and Nevis,22,true
http://www.wikidata.org/entity/Q856686,Western Province,Colombo,Sri Lanka,45,true
http://www.wikidata.org/entity/Q192959,Minsk region,Minsk,Belarus,84,true
http://www.wikidata.org/entity/Q188399,Central Bohemian Region,Prague,Czech Republic,80,true
http://www.wikidata.org/entity/Q1585725,Sofia City,Sofia,Bulgaria,41,true
http://www.wikidata.org/entity/Q170036,Kyiv Oblast,Kyiv,Ukraine,110,true
http://www.wikidata.org/entity/Q180200,Harju County,Tallinn,Estonia,74,true
http://www.wikidata.org/entity/Q1419314,Čair Municipality,Skopje,North Macedonia,30,true
http://www.wikidata.org/entity/Q191670,Ilfov County,Bucharest,Romania,64,true
http://www.wikidata.org/entity/Q1378310,National Capital District,Port Moresby,Papua New Guinea,26,true
http://www.wikidata.org/entity/Q1434621,Ouest,Port-au-Prince,Haiti,35,true
http://www.wikidata.org/entity/Q118903,Vilnius District Municipality,Vilnius,Lithuania,28,true
http://www.wikidata.org/entity/Q17176229,Chișinău Municipality,Chișinău,Moldova,10,true
http://www.wikidata.org/entity/Q2300294,Saint George Parish,Kingstown,Saint Vincent and the Grenadines,24,true
http://www.wikidata.org/entity/Q119158,Federal District,Brasília,Brazil,97,true
http://www.wikidata.org/entity/Q89959,French Community,Brussels,Belgium,46,true
http://www.wikidata.org/entity/Q9331,Flemish Community,Brussels,Belgium,43,true
http://www.wikidata.org/entity/Q9337,Flemish Region,Brussels,Belgium,62,true
http://www.wikidata.org/entity/Q576651,Saint George Parish,St. George's,Grenada,30,true
http://www.wikidata.org/entity/Q1049867,Castries Quarter,Castries,Saint Lucia,24,true
http://www.wikidata.org/entity/Q1053789,Central Division,Suva,Fiji,28,true
http://www.wikidata.org/entity/Q874942,Central Province,Port Moresby,Papua New Guinea,39,true
http://www.wikidata.org/entity/Q160284,Free State,Bloemfontein,South Africa,90,true
http://www.wikidata.org/entity/Q183498,Bratislava Region,Bratislava,Slovakia,71,true
http://www.wikidata.org/entity/Q2522163,Andorra la Vella,Andorra la Vella,Andorra,5,true
http://www.wikidata.org/entity/Q1437,Rajasthan,Jaipur,India,147,false
http://www.wikidata.org/entity/Q12713,Canton of Thurgau,Frauenfeld,Switzerland,97,false
http://www.wikidata.org/entity/Q834,Canton of Valais,Sion,Switzerland,111,false
http://www.wikidata.org/entity/Q11933,Canton of Zug,Zug,Switzerland,98,false
http://www.wikidata.org/entity/Q12404,Canton of Uri,Altdorf,Switzerland,99,false
http://www.wikidata.org/entity/Q12433,Canton of Schwyz,Schwyz,Switzerland,103,false
http://www.wikidata.org/entity/Q12079,Canton of Appenzell Ausserrhoden,Trogen,Switzerland,97,false
http://www.wikidata.org/entity/Q41705,Fujian,Fuzhou,People's Republic of China,134,false
http://www.wikidata.org/entity/Q11929,Canton of Solothurn,Solothurn,Switzerland,96,false
http://www.wikidata.org/entity/Q12146,Canton of Basel-Landschaft,Liestal,Switzerland,98,false
http://www.wikidata.org/entity/Q11925,Canton of the Grisons,Chur,Switzerland,118,false
http://www.wikidata.org/entity/Q45833,Qinghai,Xining,People's Republic of China,122,false
http://www.wikidata.org/entity/Q12738,Canton of Neuchâtel,Neuchâtel,Switzerland,100,false
http://www.wikidata.org/entity/Q46913,Shanxi,Taiyuan,People's Republic of China,122,false
http://www.wikidata.org/entity/Q187925,Caraș-Severin County,Reșița,Romania,64,false
http://www.wikidata.org/entity/Q188505,Constanța County,Constanța,Romania,68,false
http://www.wikidata.org/entity/Q81551,Konya Province,Konya,Turkey,82,false
http://www.wikidata.org/entity/Q185368,Hajdú-Bihar County,Debrecen,Hungary,70,false
http://www.wikidata.org/entity/Q657004,Canterbury Region,Christchurch,New Zealand,52,false
http://www.wikidata.org/entity/Q97230083,Augšdaugava Municipality,Daugavpils,Latvia,20,false
http://www.wikidata.org/entity/Q176081,East Azerbaijan Province,Tabriz,Iran,92,false
http://www.wikidata.org/entity/Q1165,Bihar,Patna,India,146,false
http://www.wikidata.org/entity/Q83274,Hatay Province,Antakya,Turkey,92,false
http://www.wikidata.org/entity/Q19951027,Fès-Meknès,Fez,Morocco,36,false
http://www.wikidata.org/entity/Q1188,Madhya Pradesh,Bhopal,India,145,false
http://www.wikidata.org/entity/Q15282,Nuevo León,Monterrey,Mexico,104,false
http://www.wikidata.org/entity/Q193307,Olomouc Region,Olomouc,Czech Republic,70,false
http://www.wikidata.org/entity/Q193031,Csongrád-Csanád County,Szeged,Hungary,65,false
http://www.wikidata.org/entity/Q17054,Martinique,Fort-de-France,France,187,false
http://www.wikidata.org/entity/Q30832,Giza Governorate,Giza,Egypt,55,false
http://www.wikidata.org/entity/Q2176,Araucanía Region,Temuco,Chile,73,false
http://www.wikidata.org/entity/Q182614,Brașov County,Brașov,Romania,74,false
http://www.wikidata.org/entity/Q42497,Lower Austria,St. Pölten,Austria,117,false
http://www.wikidata.org/entity/Q54184,Warmian-Masurian Voivodeship,Olsztyn,Poland,102,false
http://www.wikidata.org/entity/Q80550,Van Province,Van,Turkey,87,false
http://www.wikidata.org/entity/Q41587,Goiás,Goiânia,Brazil,116,false
http://www.wikidata.org/entity/Q192853,Durrës County,Durrës,Albania,70,false
http://www.wikidata.org/entity/Q189352,Nineveh Governorate,Mosul,Iraq,55,false
http://www.wikidata.org/entity/Q184797,Sibiu County,Sibiu,Romania,69,false
http://www.wikidata.org/entity/Q83081,Diyarbakır Province,Diyarbakır,Turkey,82,false
http://www.wikidata.org/entity/Q185586,Timiș County,Timișoara,Romania,68,false
http://www.wikidata.org/entity/Q83239,Bitlis Province,Bitlis,Turkey,84,false
http://www.wikidata.org/entity/Q1177,Himachal Pradesh,Shimla,India,139,false
http://www.wikidata.org/entity/Q45208,Jilin,Changchun,People's Republic of China,121,false
http://www.wikidata.org/entity/Q54171,Opole Voivodeship,Opole,Poland,102,false
http://www.wikidata.org/entity/Q483154,Gaziantep Province,Gaziantep,Turkey,80,false
http://www.wikidata.org/entity/Q179588,Bihor County,Oradea,Romania,71,false
http://www.wikidata.org/entity/Q388274,Ibb Governorate,Ibb,Yemen,42,false
http://www.wikidata.org/entity/Q182624,Cluj County,Cluj-Napoca,Romania,70,false
http://www.wikidata.org/entity/Q19951125,Marrakesh-Safi,Marrakech,Morocco,35,false
http://www.wikidata.org/entity/Q185700,Vitebsk Region,Vitebsk,Belarus,88,false
http://www.wikidata.org/entity/Q54183,Świętokrzyskie Voivodeship,Kielce,Poland,100,false
http://www.wikidata.org/entity/Q185036,Pärnu County,Pärnu,Estonia,70,false
http://www.wikidata.org/entity/Q188895,Borsod-Abaúj-Zemplén County,Miskolc,Hungary,68,false
http://www.wikidata.org/entity/Q5700,Lapland,Rovaniemi,Finland,86,false
http://www.wikidata.org/entity/Q203339,Mtskheta-Mtianeti,Mtskheta,Georgia,65,false
http://www.wikidata.org/entity/Q42508,Roraima,Boa Vista,Brazil,113,false
http://www.wikidata.org/entity/Q189655,Jász-Nagykun-Szolnok County,Szolnok,Hungary,66,false
http://www.wikidata.org/entity/Q281206,Osmaniye Province,Osmaniye,Turkey,78,false
http://www.wikidata.org/entity/Q191061,Hrodna Region,Hrodna,Belarus,80,false
http://www.wikidata.org/entity/Q1105893,Qazvin Province,Qazvin,Iran,87,false
http://www.wikidata.org/entity/Q184981,Shumen,Shumen,Bulgaria,70,false
http://www.wikidata.org/entity/Q5691,South Karelia,Lappeenranta,Finland,69,false
http://www.wikidata.org/entity/Q766445,Okinawa Prefecture,Naha,Japan,111,false
http://www.wikidata.org/entity/Q129387,Tekirdağ Province,Tekirdağ,Turkey,84,false
http://www.wikidata.org/entity/Q83073,Aksaray Province,Aksaray,Turkey,83,false
http://www.wikidata.org/entity/Q398417,Ashanti Region,Kumasi,Ghana,53,false
http://www.wikidata.org/entity/Q25931,Butnan District,Tobruk,Libya,41,false
http://www.wikidata.org/entity/Q170568,Yazd Province,Yazd,Iran,88,false
http://www.wikidata.org/entity/Q2012423,Silistra,Silistra,Bulgaria,70,false
http://www.wikidata.org/entity/Q200048,Kvemo Kartli,Rustavi,Georgia,64,false
http://www.wikidata.org/entity/Q43194,Yunnan,Kunming,People's Republic of China,139,false
http://www.wikidata.org/entity/Q682571,Kano State,Kano,Nigeria,63,false
http://www.wikidata.org/entity/Q190930,Vysočina Region,Jihlava,Czech Republic,74,false
http://www.wikidata.org/entity/Q233917,Cochabamba Department,Cochabamba,Bolivia,67,false
http://www.wikidata.org/entity/Q180484,Epirus Region,Ioannina,Greece,80,false
http://www.wikidata.org/entity/Q503905,Oyo State,Ibadan,Nigeria,60,false
http://www.wikidata.org/entity/Q178471,Nangarhar Province,Jalalabad,Afghanistan,76,false
http://www.wikidata.org/entity/Q184594,County Waterford,Waterford,Ireland,67,false
http://www.wikidata.org/entity/Q42392,Gansu,Lanzhou,People's Republic of China,129,false
http://www.wikidata.org/entity/Q483195,Tokat Province,Tokat,Turkey,81,false
http://www.wikidata.org/entity/Q859573,Dakhlet Nouadhibou,Nouadhibou,Mauritania,31,false
http://www.wikidata.org/entity/Q483180,Ordu Province,Ordu,Turkey,80,false
http://www.wikidata.org/entity/Q190522,Somogy County,Kaposvár,Hungary,68,false
http://www.wikidata.org/entity/Q482825,Siirt Province,Siirt,Turkey,77,false
http://www.wikidata.org/entity/Q2012589,Targovishte,Targovishte,Bulgaria,67,false
http://www.wikidata.org/entity/Q233632,Tlemcen Province,Tlemcen,Algeria,57,false
http://www.wikidata.org/entity/Q115319,Guantánamo Province,Guantánamo,Cuba,52,false
http://www.wikidata.org/entity/Q188813,Maramureș County,Baia Mare,Romania,69,false
http://www.wikidata.org/entity/Q2012234,Pernik,Pernik,Bulgaria,70,false
http://www.wikidata.org/entity/Q165459,Satu Mare County,Satu Mare,Romania,63,false
http://www.wikidata.org/entity/Q200309,Samegrelo-Zemo Svaneti,Zugdidi,Georgia,60,false
http://www.wikidata.org/entity/Q163239,Balochistan,Quetta,Pakistan,109,false
http://www.wikidata.org/entity/Q119494,Mandalay Region,Mandalay,Myanmar,55,false
http://www.wikidata.org/entity/Q2015893,Birštonas Municipality,Birštonas,Lithuania,24,false
http://www.wikidata.org/entity/Q81725,KwaZulu-Natal,Pietermaritzburg,South Africa,98,false
http://www.wikidata.org/entity/Q34617,Saint Pierre and Miquelon,Saint-Pierre,France,144,false
http://www.wikidata.org/entity/Q40956,Anhui,Hefei,People's Republic of China,133,false
http://www.wikidata.org/entity/Q24205498,Kwango Province,Kenge,Democratic Republic of the Congo,45,false
http://www.wikidata.org/entity/Q1505,Sikkim,Gangtok,India,143,false
http://www.wikidata.org/entity/Q5703,North Karelia,Joensuu,Finland,74,false
http://www.wikidata.org/entity/Q182809,Haskovo,Haskovo,Bulgaria,71,false
http://www.wikidata.org/entity/Q190711,Mureș County,Târgu Mureș,Romania,64,false
http://www.wikidata.org/entity/Q328493,Eastern Province,Embu,Kenya,36,false
http://www.wikidata.org/entity/Q220736,Yambol,Yambol,Bulgaria,70,false
http://www.wikidata.org/entity/Q2012227,Pazardzhik,Pazardzhik,Bulgaria,67,false
http://www.wikidata.org/entity/Q572993,Ahuachapán Department,Ahuachapán,El Salvador,41,false
http://www.wikidata.org/entity/Q181513,Bistrița-Năsăud County,Bistrița,Romania,71,false
http://www.wikidata.org/entity/Q30831,Red Sea Governorate,Hurghada,Egypt,56,false
http://www.wikidata.org/entity/Q232043,Constantine Province,Constantine,Algeria,56,false
http://www.wikidata.org/entity/Q130268,Haut-Katanga Province,Lubumbashi,Democratic Republic of the Congo,46,false
http://www.wikidata.org/entity/Q190018,Komárom-Esztergom County,Tatabánya,Hungary,69,false
http://www.wikidata.org/entity/Q219956,Zonguldak Province,Zonguldak,Turkey,78,false
http://www.wikidata.org/entity/Q179567,Argeș County,Pitești,Romania,69,false
http://www.wikidata.org/entity/Q188661,Neamț County,Piatra Neamț,Romania,66,false
http://www.wikidata.org/entity/Q131293,Mardin Province,Mardin,Turkey,79,false
http://www.wikidata.org/entity/Q170041,Golestan Province,Gorgan,Iran,87,false
http://www.wikidata.org/entity/Q203272,Saare County,Kuressaare,Estonia,64,false
http://www.wikidata.org/entity/Q188503,Brăila County,Brăila,Romania,67,false
http://www.wikidata.org/entity/Q188797,Dâmbovița County,Târgoviște,Romania,62,false
http://www.wikidata.org/entity/Q868784,Southern Region,Blantyre,Malawi,43,false
http://www.wikidata.org/entity/Q126874,Kütahya Province,Kütahya,Turkey,82,false
http://www.wikidata.org/entity/Q332392,Gao Region,Gao,Mali,45,false
http://www.wikidata.org/entity/Q173620,North Aegean Region,Mytilene,Greece,71,false
http://www.wikidata.org/entity/Q483078,Uşak Province,Uşak,Turkey,77,false
http://www.wikidata.org/entity/Q46422,Sonora,Hermosillo,Mexico,111,false
http://www.wikidata.org/entity/Q2089798,Utena District Municipality,Utena,Lithuania,24,false
http://www.wikidata.org/entity/Q1112985,Kyustendil,Kyustendil,Bulgaria,71,false
http://www.wikidata.org/entity/Q6587068,Lovech,Lovech,Bulgaria,70,false
http://www.wikidata.org/entity/Q30644,Damietta Governorate,Damietta,Egypt,51,false
http://www.wikidata.org/entity/Q2012785,Vratsa,Vratsa,Bulgaria,71,false
http://www.wikidata.org/entity/Q241129,Bizerte Governorate,Bizerte,Tunisia,41,false
http://www.wikidata.org/entity/Q2790675,Razgrad,Razgrad,Bulgaria,71,false
http://www.wikidata.org/entity/Q29172,Zou Department,Abomey,Benin,47,false
http://www.wikidata.org/entity/Q483168,Karabük Province,Karabük,Turkey,77,false
http://www.wikidata.org/entity/Q191625,Tolna County,Szekszárd,Hungary,66,false
http://www.wikidata.org/entity/Q194273,Nógrád County,Salgótarján,Hungary,67,false
http://www.wikidata.org/entity/Q42200,Hainan,Haikou,People's Republic of China,140,false
http://www.wikidata.org/entity/Q3305169,Ulcinj Municipality,Ulcinj,Montenegro,25,false
http://www.wikidata.org/entity/Q179325,County Sligo,Sligo,Ireland,65,false
http://www.wikidata.org/entity/Q115444,Cienfuegos Province,Cienfuegos,Cuba,54,false
http://www.wikidata.org/entity/Q747881,Luang Prabang Province,Luang Prabang,Laos,41,false
http://www.wikidata.org/entity/Q1033855,Harari Region,Harar,Ethiopia,54,false
http://www.wikidata.org/entity/Q5693,South Savo,Mikkeli,Finland,69,false
http://www.wikidata.org/entity/Q778561,Podunavlje District,Smederevo,Serbia,34,false
http://www.wikidata.org/entity/Q231900,Fier County,Fier,Albania,66,false
http://www.wikidata.org/entity/Q1987743,Trakai District Municipality,Trakai,Lithuania,27,false
http://www.wikidata.org/entity/Q189968,Lääne County,Haapsalu,Estonia,68,false
http://www.wikidata.org/entity/Q97231194,Jēkabpils Municipality,Jēkabpils,Latvia,31,false
http://www.wikidata.org/entity/Q131281,Ishikawa Prefecture,Kanazawa,Japan,100,false
http://www.wikidata.org/entity/Q213182,Sulaymaniyah Governorate,Sulaymaniyah,Iraq,57,false
http://www.wikidata.org/entity/Q189952,Lääne-Viru County,Rakvere,Estonia,67,false
http://www.wikidata.org/entity/Q57060,Sisak-Moslavina County,Sisak,Croatia,56,false
http://www.wikidata.org/entity/Q5698,Kymenlaakso,Kotka,Finland,67,false
http://www.wikidata.org/entity/Q18088065,Bender Municipality,Bendery,Moldova,4,false
http://www.wikidata.org/entity/Q327737,Nong Khai,Nong Khai,Thailand,48,false
http://www.wikidata.org/entity/Q334906,Chachoengsao,Chachoengsao,Thailand,52,false
http://www.wikidata.org/entity/Q327510,Buriram,Buri Ram,Thailand,50,false
http://www.wikidata.org/entity/Q388087,Goygol District,Goygol,Azerbaijan,47,false
http://www.wikidata.org/entity/Q405926,Ainaro Municipality,Ainaro,Timor-Leste,31,false
http://www.wikidata.org/entity/Q465961,Udomsai,Mư̄ang Sai,Laos,43,false
http://www.wikidata.org/entity/Q97232560,Ropaži Municipality,Ulbroka,Latvia,14,false
http://www.wikidata.org/entity/Q235188,Sucre Department,Sincelejo,Colombia,64,false
http://www.wikidata.org/entity/Q877468,Kampong Chhnang Province,Kampong Chhnang,Cambodia,41,false
http://www.wikidata.org/entity/Q24286,Escaldes-Engordany,Les Escaldes,Andorra,64,false
http://www.wikidata.org/entity/Q1779085,Centar Župa Municipality,Centar Župa,North Macedonia,32,false
http://www.wikidata.org/entity/Q955095,River Cess County,River Cess,Liberia,29,false
http://www.wikidata.org/entity/Q459759,Chai Nat,Chai Nat,Thailand,49,false
http://www.wikidata.org/entity/Q503910,Delta State,Asaba,Nigeria,64,false
http://www.wikidata.org/entity/Q140646,Kachin State,Myitkyina,Myanmar,66,false
http://www.wikidata.org/entity/Q1019067,Municipality of Grad,Grad,Slovenia,30,false
http://www.wikidata.org/entity/Q597410,Mandoul Region,Koumra,Chad,35,false
http://www.wikidata.org/entity/Q576417,Tafea,Isangel,Vanuatu,36,false
http://www.wikidata.org/entity/Q5082,West Sulawesi,Mamuju,Indonesia,71,false
http://www.wikidata.org/entity/Q6714242,Muchinga Province,Chinsali,Zambia,33,false
http://www.wikidata.org/entity/Q456847,Shan State,Taunggyi,Myanmar,63,false
http://www.wikidata.org/entity/Q405701,Al Jahra Governorate,Al Jahra,Kuwait,35,false
http://www.wikidata.org/entity/Q1130180,San Vicente Department,San Vicente,El Salvador,42,false
http://www.wikidata.org/entity/Q183314,Khyber Pakhtunkhwa,Peshawar,Pakistan,91,false
http://www.wikidata.org/entity/Q24282,Sant Julià de Lòria,Sant Julià de Lòria,Andorra,62,false
http://www.wikidata.org/entity/Q263285,Temburong District,Bangar Town,Brunei,45,false
http://www.wikidata.org/entity/Q202071,Falcón,Coro,Venezuela,63,false
http://www.wikidata.org/entity/Q878297,Hîncești District,Hîncești,Moldova,30,false
http://www.wikidata.org/entity/Q506658,Ajloun Governorate,Ajloun,Jordan,46,false
http://www.wikidata.org/entity/Q863554,Likouala Department,Impfondo,Republic of the Congo,37,false
http://www.wikidata.org/entity/Q652773,Trashigang District,Trashigang,Bhutan,41,false
http://www.wikidata.org/entity/Q878290,Edineț District,Edineț,Moldova,31,false
http://www.wikidata.org/entity/Q856275,Matam,Matam,Senegal,37,false
http://www.wikidata.org/entity/Q60764352,Savannah Region,Damongo,Ghana,25,false
http://www.wikidata.org/entity/Q12750430,Zeta Municipality,Golubovci,Montenegro,12,false
http://www.wikidata.org/entity/Q1047255,Tombali Region,Catió,Guinea-Bissau,34,false
http://www.wikidata.org/entity/Q613345,Takéo Province,Takéo,Cambodia,40,false
http://www.wikidata.org/entity/Q1072757,Farwaniya Governorate,Farwaniya,Kuwait,35,false
http://www.wikidata.org/entity/Q48232,Wadi al Shatii District,Brak,Libya,38,false
http://www.wikidata.org/entity/Q780884,Cuvette Department,Owando,Republic of the Congo,45,false
http://www.wikidata.org/entity/Q1516381,Upper Takutu-Upper Essequibo,Lethem,Guyana,28,false
http://www.wikidata.org/entity/Q261241,Nong Bua Lamphu,Nong Bua Lam Phu,Thailand,45,false
http://www.wikidata.org/entity/Q380757,Surin,Surin,Thailand,48,false
http://www.wikidata.org/entity/Q242977,Yala,Yala,Thailand,52,false
http://www.wikidata.org/entity/Q244618,Phayao,Phayao,Thailand,49,false
http://www.wikidata.org/entity/Q335492,Ratchaburi,Ratchaburi,Thailand,51,false
http://www.wikidata.org/entity/Q244652,Phrae,Phrae,Thailand,46,false
http://www.wikidata.org/entity/Q380761,Si Sa Ket,Si Sa Ket,Thailand,50,false
http://www.wikidata.org/entity/Q1186541,Tororo District,Tororo,Uganda,24,false
http://www.wikidata.org/entity/Q666142,Tasman District,Richmond,New Zealand,41,false
http://www.wikidata.org/entity/Q495342,Kayin State,Hpa-An,Myanmar,61,false
http://www.wikidata.org/entity/Q856227,Nana-Grébizi Economic Prefecture,Kaga-Bandoro,Central African Republic,39,false
http://www.wikidata.org/entity/Q468554,Maha Sarakham,Maha Sarakham,Thailand,44,false
http://www.wikidata.org/entity/Q334836,Sing Buri,Sing Buri,Thailand,47,false
http://www.wikidata.org/entity/Q240540,Lamphun,Lamphun,Thailand,50,false
http://www.wikidata.org/entity/Q240520,Phetchabun,Phetchabun,Thailand,49,false
http://www.wikidata.org/entity/Q2679107,Diego Martin Regional Corporation,Diego Martin,Trinidad and Tobago,17,false
http://www.wikidata.org/entity/Q1125333,Ohrid Municipality,Ohrid,North Macedonia,31,false
http://www.wikidata.org/entity/Q557216,Municipality of Divača,Divača,Slovenia,27,false
http://www.wikidata.org/entity/Q1229919,Kasese District,Kasese,Uganda,18,false
http://www.wikidata.org/entity/Q530231,Espaillat Province,Moca,Dominican Republic,33,false
http://www.wikidata.org/entity/Q669649,Druskininkai municipality,Druskininkai,Lithuania,23,false
http://www.wikidata.org/entity/Q328180,Shabwah Governorate,Ataq,Yemen,44,false
http://www.wikidata.org/entity/Q1229800,Busia District,Busia,Uganda,22,false
http://www.wikidata.org/entity/Q874980,Gulf Province,Kerema,Papua New Guinea,38,false
http://www.wikidata.org/entity/Q1207752,Dhofar Governorate,Salalah,Oman,42,false
http://www.wikidata.org/entity/Q1476309,Saint Patrick Parish,Sauteurs,Grenada,27,false
http://www.wikidata.org/entity/Q76520264,El Meniaa Province,El Menia,Algeria,16,false
http://www.wikidata.org/entity/Q244649,Uthai Thani,Uthai Thani,Thailand,46,false
http://www.wikidata.org/entity/Q747846,Ratanakiri Province,Banlung,Cambodia,38,false
http://www.wikidata.org/entity/Q1931377,Marijampolė Municipality,Marijampolė,Lithuania,24,false
http://www.wikidata.org/entity/Q1130141,Coronie District,Totness,Suriname,40,false
http://www.wikidata.org/entity/Q334686,Samut Sakhon,Samut Sakhon,Thailand,50,false
http://www.wikidata.org/entity/Q273794,Uttaradit,Uttaradit,Thailand,49,false
http://www.wikidata.org/entity/Q459742,Samut Songkhram,Samut Songkhram,Thailand,49,false
http://www.wikidata.org/entity/Q336122,Lopburi,Lopburi,Thailand,51,false
http://www.wikidata.org/entity/Q236263,Satun,Satun,Thailand,54,false
http://www.wikidata.org/entity/Q459748,Pathum Thani,Pathum Thani,Thailand,52,false
http://www.wikidata.org/entity/Q321324,Prachin Buri,Prachin Buri,Thailand,49,false
http://www.wikidata.org/entity/Q237874,Phichit,Phichit,Thailand,48,false
http://www.wikidata.org/entity/Q381889,Sa Kaeo,Sa Kaeo,Thailand,50,false
http://www.wikidata.org/entity/Q328187,Dhale Governorate,Ad Dali',Yemen,40,false
http://www.wikidata.org/entity/Q466000,Koh Kong Province,Koh Kong,Cambodia,40,false
http://www.wikidata.org/entity/Q690026,Guanacaste Province,Liberia,Costa Rica,57,false
http://www.wikidata.org/entity/Q1424401,Independencia,Jimaní,Dominican Republic,33,false
http://www.wikidata.org/entity/Q822514,Torba,Sola,Vanuatu,39,false
http://www.wikidata.org/entity/Q48233,Wadi al Hayaa District,Ubari,Libya,37,false
http://www.wikidata.org/entity/Q399063,Choiseul Province,Taro Island,Solomon Islands,28,false
http://www.wikidata.org/entity/Q958518,Al Wusta Governorate,Haima,Oman,34,false
http://www.wikidata.org/entity/Q629720,Čučer-Sandevo Municipality,Kučevište,North Macedonia,32,false
http://www.wikidata.org/entity/Q1033696,Cantagalo,Santana,São Tomé and Príncipe,25,false
http://www.wikidata.org/entity/Q1139384,Lobata,Guadalupe,São Tomé and Príncipe,25,false
http://www.wikidata.org/entity/Q16085370,Gusinje Municipality,Gusinje,Montenegro,19,false
http://www.wikidata.org/entity/Q498355,Matabeleland South Province,Gwanda,Zimbabwe,46,false
http://www.wikidata.org/entity/Q2347012,Elez Han Municipality,Elez Han,Kosovo,11,false
http://www.wikidata.org/entity/Q839083,Marahoué Region,Bouaflé,Ivory Coast,29,false
http://www.wikidata.org/entity/Q1186535,Hoima District,Hoima,Uganda,19,false
http://www.wikidata.org/entity/Q1139407,Mé-Zóchi,Trindade,São Tomé and Príncipe,25,false
http://www.wikidata.org/entity/Q233651,El Oued Province,El Oued,Algeria,56,false
http://www.wikidata.org/entity/Q9035785,Bogovinje Municipality,Bogovinje,North Macedonia,30,false
http://www.wikidata.org/entity/Q41144,Táchira,San Cristóbal,Venezuela,66,false
http://www.wikidata.org/entity/Q645896,Tadjourah Region,Tadjoura,Djibouti,39,false
http://www.wikidata.org/entity/Q310118,Northern State,Dongola,Sudan,43,false
http://www.wikidata.org/entity/Q1046329,Nugal,Garowe,Somalia,34,false
http://www.wikidata.org/entity/Q235579,Province of Umnugobi,Dalanzadgad,Mongolia,52,false
http://www.wikidata.org/entity/Q192942,Uvs Province,Ulaangom,Mongolia,57,false
http://www.wikidata.org/entity/Q55299,County Laois,Port Laoise,Ireland,63,false
http://www.wikidata.org/entity/Q587062,Punakha District,Punakha,Bhutan,42,false
http://www.wikidata.org/entity/Q272747,La Guajira Department,Riohacha,Colombia,64,false
http://www.wikidata.org/entity/Q793727,Berovo Municipality,Berovo,North Macedonia,34,false
http://www.wikidata.org/entity/Q209597,Tumbes Department,Tumbes,Peru,51,false
http://www.wikidata.org/entity/Q309339,Lindi Region,Lindi,Tanzania,48,false
http://www.wikidata.org/entity/Q16610,Treinta y Tres Department,Treinta y Tres,Uruguay,51,false
http://www.wikidata.org/entity/Q16587,Tacuarembó Department,Tacuarembó,Uruguay,50,false
http://www.wikidata.org/entity/Q843312,North Ubangi,Gbadolite,Democratic Republic of the Congo,40,false
http://www.wikidata.org/entity/Q115027,Isla de la Juventud,Nueva Gerona,Cuba,66,false
http://www.wikidata.org/entity/Q2089815,Jurbarkas District Municipality,Jurbarkas,Lithuania,27,false
http://www.wikidata.org/entity/Q1351747,Varėna District Municipality,Varėna,Lithuania,27,false
http://www.wikidata.org/entity/Q1023041,Akmenė District Municipality,Naujoji Akmenė,Lithuania,28,false
http://www.wikidata.org/entity/Q691793,Canton of Clervaux,Clervaux,Luxembourg,41,false
http://www.wikidata.org/entity/Q885644,Totonicapán Department,Totonicapán,Guatemala,42,false
http://www.wikidata.org/entity/Q13365880,Šavnik Municipality,Šavnik,Montenegro,21,false
http://www.wikidata.org/entity/Q183036,Jowzjan Province,Sheberghan,Afghanistan,73,false
http://www.wikidata.org/entity/Q129003,French Southern and Antarctic Lands,Port-aux-Français,France,93,false
http://www.wikidata.org/entity/Q208186,Ica Department,Ica,Peru,53,false
http://www.wikidata.org/entity/Q97232760,Smiltene Municipality,Smiltene,Latvia,30,false
http://www.wikidata.org/entity/Q97232692,Saulkrasti Municipality,Saulkrasti,Latvia,30,false
http://www.wikidata.org/entity/Q240463,Surat Thani,Surat Thani,Thailand,56,false
http://www.wikidata.org/entity/Q741009,Concepción Department,Concepción,Paraguay,42,false
http://www.wikidata.org/entity/Q16577,Canelones Department,Canelones,Uruguay,55,false
http://www.wikidata.org/entity/Q16593,Florida Department,Florida,Uruguay,53,false
http://www.wikidata.org/entity/Q205776,Monagas,Maturín,Venezuela,63,false
http://www.wikidata.org/entity/Q19951051,Guelmim-Oued Noun,Guelmim,Morocco,33,false
http://www.wikidata.org/entity/Q821008,Ali Sabieh Region,Ali Sabieh,Djibouti,39,false
http://www.wikidata.org/entity/Q330857,Barda District,Barda,Azerbaijan,51,false
http://www.wikidata.org/entity/Q213977,Bié Province,Kuito,Angola,59,false
http://www.wikidata.org/entity/Q739676,Cross River State,Calabar,Nigeria,61,false
http://www.wikidata.org/entity/Q737086,Berea District,Teyateyaneng,Lesotho,38,false
http://www.wikidata.org/entity/Q182565,Phuket,Phuket,Thailand,90,false
http://www.wikidata.org/entity/Q179424,County Donegal,Lifford,Ireland,75,false
http://www.wikidata.org/entity/Q772185,Southern Province,Bo,Sierra Leone,32,false
http://www.wikidata.org/entity/Q16584,Soriano Department,Mercedes,Uruguay,50,false
http://www.wikidata.org/entity/Q316220,Centrale Region,Sokodé,Togo,37,false
http://www.wikidata.org/entity/Q29165,Alibori Department,Kandi,Benin,48,false
http://www.wikidata.org/entity/Q390213,North Eastern Province,Garissa,Kenya,35,false
http://www.wikidata.org/entity/Q115441,Sancti Spíritus Province,Sancti Spíritus,Cuba,53,false
http://www.wikidata.org/entity/Q17063,Mayotte,Dzaoudzi,France,165,false
http://www.wikidata.org/entity/Q189701,Terengganu,Kuala Terengganu,Malaysia,71,false
http://www.wikidata.org/entity/Q327087,Medenine Governorate,Medenine,Tunisia,40,false
http://www.wikidata.org/entity/Q458406,Mara Region,Musoma,Tanzania,44,false
http://www.wikidata.org/entity/Q213893,Negeri Sembilan,Seremban,Malaysia,75,false
http://www.wikidata.org/entity/Q847671,Kaolack,Kaolack,Senegal,38,false
http://www.wikidata.org/entity/Q610133,Joniškis District Municipality,Joniškis,Lithuania,26,false
http://www.wikidata.org/entity/Q130390762,Bougouni Region,Bougouni,Mali,6,false
http://www.wikidata.org/entity/Q815330,Turkistan Region,Turkistan,Kazakhstan,69,false
http://www.wikidata.org/entity/Q5096,West Papua,Manokwari,Indonesia,77,false
http://www.wikidata.org/entity/Q2277489,Līvāni Municipality,Līvāni,Latvia,31,false
http://www.wikidata.org/entity/Q686586,Amambay Department,Pedro Juan Caballero,Paraguay,48,false
http://www.wikidata.org/entity/Q221445,Mostaganem Province,Mostaganem,Algeria,56,false
http://www.wikidata.org/entity/Q231752,Chlef Province,Chlef,Algeria,55,false
http://www.wikidata.org/entity/Q16596,Río Negro Department,Fray Bentos,Uruguay,50,false
http://www.wikidata.org/entity/Q13985,Caquetá Department,Florencia,Colombia,65,false
http://www.wikidata.org/entity/Q29147,Atlantique Department,Ouidah,Benin,46,false
http://www.wikidata.org/entity/Q838778,South Darfur,Nyala,Sudan,43,false
http://www.wikidata.org/entity/Q2021318,Vilkaviškis District Municipality,Vilkaviškis,Lithuania,26,false
http://www.wikidata.org/entity/Q235714,Sidi Bel Abbès Province,Sidi Bel Abbès,Algeria,54,false
http://www.wikidata.org/entity/Q235709,Ouargla Province,Ouargla,Algeria,55,false
http://www.wikidata.org/entity/Q77103880,Touggourt Province,Touggourt,Algeria,16,false
http://www.wikidata.org/entity/Q309469,Gezira,Wad Madani,Sudan,41,false
http://www.wikidata.org/entity/Q844024,Artibonite,Gonaïves,Haiti,34,false
http://www.wikidata.org/entity/Q234912,Córdoba Department,Montería,Colombia,69,false
http://www.wikidata.org/entity/Q388047,Kasserine Governorate,Kasserine,Tunisia,37,false
http://www.wikidata.org/entity/Q2129022,Soroca District,Soroca,Moldova,33,false
http://www.wikidata.org/entity/Q57525,Central District,Serowe,Botswana,47,false
http://www.wikidata.org/entity/Q16591,Durazno Department,Durazno,Uruguay,52,false
http://www.wikidata.org/entity/Q3817,Banteay Meanchey Province,Serei Saophoan,Cambodia,42,false
http://www.wikidata.org/entity/Q142258,Kampong Cham Province,Kampong Cham,Cambodia,43,false
http://www.wikidata.org/entity/Q3455550,Ménaka Region,Ménaka,Mali,15,false
http://www.wikidata.org/entity/Q823810,Eastern Province,Chipata (Fort Jameson),Zambia,45,false
http://www.wikidata.org/entity/Q1062451,Western Division,Lautoka,Fiji,28,false
http://www.wikidata.org/entity/Q236419,Chiang Rai,Chiang Rai,Thailand,65,false
http://www.wikidata.org/entity/Q97232413,Preiļi Municipality,Preiļi,Latvia,32,false
http://www.wikidata.org/entity/Q854443,Ungheni District,Ungheni,Moldova,31,false
http://www.wikidata.org/entity/Q57571,Ghanzi District,Ghanzi,Botswana,45,false
http://www.wikidata.org/entity/Q844929,Obock Region,Obock,Djibouti,39,false
http://www.wikidata.org/entity/Q845709,Haut-Sassandra,Daloa,Ivory Coast,29,false
http://www.wikidata.org/entity/Q204876,Nueva Esparta,La Asunción,Venezuela,67,false
http://www.wikidata.org/entity/Q316216,Kara Region,Kara,Togo,39,false
http://www.wikidata.org/entity/Q859581,Trarza,Rosso,Mauritania,34,false
http://www.wikidata.org/entity/Q652784,Paro District,Paro,Bhutan,45,false
http://www.wikidata.org/entity/Q1552897,Porto Novo,Porto Novo,Cape Verde,26,false
http://www.wikidata.org/entity/Q16578,Flores Department,Trinidad,Uruguay,53,false
http://www.wikidata.org/entity/Q378970,Ombella-M'Poko Prefecture,Bimbo,Central African Republic,39,false
http://www.wikidata.org/entity/Q596156,Mashonaland Central Province,Bindura,Zimbabwe,42,false
http://www.wikidata.org/entity/Q244510,Santarém,Santarém,Portugal,53,false
http://www.wikidata.org/entity/Q473190,Zambezi Region,Katima Mulilo,Namibia,50,false
http://www.wikidata.org/entity/Q272885,Guaviare Department,San José del Guaviare,Colombia,61,false
http://www.wikidata.org/entity/Q848585,Vakaga Prefecture,Birao,Central African Republic,40,false
http://www.wikidata.org/entity/Q25104017,Karnali Province,Birendranagar,Nepal,37,false
http://www.wikidata.org/entity/Q877034,Mudug,Galkayo,Somalia,36,false
http://www.wikidata.org/entity/Q457513,Kalbajar District,Kalbajar,Azerbaijan,55,false
http://www.wikidata.org/entity/Q182487,Sar-e Pol Province,Sar-e Pol,Afghanistan,71,false
http://www.wikidata.org/entity/Q976848,Wakiso District,Wakiso Town,Uganda,25,false
http://www.wikidata.org/entity/Q213950,Khenchela Province,Khenchela,Algeria,57,false
http://www.wikidata.org/entity/Q77102475,In Guezzam Province,In Guezzam,Algeria,19,false
http://www.wikidata.org/entity/Q4501876,Ash Sharqiyah North Governorate,Ibra,Oman,25,false
http://www.wikidata.org/entity/Q1229869,Iganga District,Iganga,Uganda,22,false
http://www.wikidata.org/entity/Q498067,South Pemba Region,Mkoani,Tanzania,39,false
http://www.wikidata.org/entity/Q750447,Madaba Governorate,Madaba,Jordan,38,false
http://www.wikidata.org/entity/Q766969,Rokiškis District Municipality,Rokiškis,Lithuania,26,false
http://www.wikidata.org/entity/Q15630696,Petnjica Municipality,Petnjica,Montenegro,17,false
http://www.wikidata.org/entity/Q794068,Junik Municipality,Junik,Kosovo,14,false
http://www.wikidata.org/entity/Q728933,Wangdue Phodrang District,Wangdue Phodrang,Bhutan,41,false
http://www.wikidata.org/entity/Q1351758,Panevėžys District Municipality,Panevėžys,Lithuania,28,false
http://www.wikidata.org/entity/Q3685412,Panevėžys City Municipality,Panevėžys,Lithuania,8,false
http://www.wikidata.org/entity/Q867108,El Paraíso Department,Yuscarán,Honduras,42,false
http://www.wikidata.org/entity/Q221212,Al Bayda' Governorate,Al Bayda',Yemen,40,false
http://www.wikidata.org/entity/Q848572,Kémo Prefecture,Sibut,Central African Republic,41,false
http://www.wikidata.org/entity/Q764385,Omusati Region,Outapi,Namibia,45,false
http://www.wikidata.org/entity/Q328158,Hajjah Governorate,Hajjah,Yemen,41,false
http://www.wikidata.org/entity/Q1999872,Saint Mary,Bolans,Antigua and Barbuda,29,false
http://www.wikidata.org/entity/Q1770796,Saint George,Piggotts,Antigua and Barbuda,34,false
http://www.wikidata.org/entity/Q2630334,East Grand Bahama,High Rock,The Bahamas,19,false
http://www.wikidata.org/entity/Q1353668,Inagua,Matthew Town,The Bahamas,32,false
http://www.wikidata.org/entity/Q863476,Bimini,Alice Town,The Bahamas,35,false
http://www.wikidata.org/entity/Q899272,Choluteca Department,Choluteca,Honduras,43,false
http://www.wikidata.org/entity/Q910393,Mayo-Kebbi Ouest Region,Pala,Chad,34,false
http://www.wikidata.org/entity/Q849841,Kanem Region,Mao,Chad,37,false
http://www.wikidata.org/entity/Q156560,Kretinga Municipality,Kretinga,Lithuania,28,false
http://www.wikidata.org/entity/Q688660,Darién Province,La Palma,Panama,45,false
http://www.wikidata.org/entity/Q860813,Wadi Fira Region,Biltine,Chad,36,false
http://www.wikidata.org/entity/Q892064,Kiboga District,Kiboga,Uganda,24,false
http://www.wikidata.org/entity/Q186466,Almaty Region,Qonayev,Kazakhstan,77,false
http://www.wikidata.org/entity/Q839074,Mohale's Hoek District,Mohale's Hoek,Lesotho,35,false
http://www.wikidata.org/entity/Q976883,Ssembabule District,Sembabule,Uganda,19,false
http://www.wikidata.org/entity/Q477163,Goychay District,Goychay,Azerbaijan,48,false
http://www.wikidata.org/entity/Q794239,Azua Province,Azua,Dominican Republic,36,false
http://www.wikidata.org/entity/Q999579,Municipality of Dobrna,Dobrna,Slovenia,30,false
http://www.wikidata.org/entity/Q688589,Kurdamir District,Kurdamir,Azerbaijan,47,false
http://www.wikidata.org/entity/Q867856,Tandjilé Region,Laï,Chad,34,false
http://www.wikidata.org/entity/Q1140891,Para District,Onverwacht,Suriname,40,false
http://www.wikidata.org/entity/Q738382,Southern Province,Livingstone,Zambia,43,false
http://www.wikidata.org/entity/Q720066,Vientiane Province,Phōnhōng,Laos,44,false
http://www.wikidata.org/entity/Q2424657,Taoudénit Region,Taoudenni,Mali,16,false
http://www.wikidata.org/entity/Q2029825,Vevčani Municipality,Vevčani,North Macedonia,31,false
http://www.wikidata.org/entity/Q1061128,Dondușeni District,Dondușeni,Moldova,31,false
http://www.wikidata.org/entity/Q1331932,Peravia Province,Baní,Dominican Republic,32,false
http://www.wikidata.org/entity/Q1032238,Masindi District,Masindi,Uganda,22,false
http://www.wikidata.org/entity/Q643120,Unguja South Region,Koani,Tanzania,41,false
http://www.wikidata.org/entity/Q792550,Ad Dakhiliyah Governorate,Nizwa,Oman,37,false
http://www.wikidata.org/entity/Q1996895,Saint Philip,Freetown,Antigua and Barbuda,30,false
http://www.wikidata.org/entity/Q15900,Ormož Municipality,Ormož,Slovenia,33,false
http://www.wikidata.org/entity/Q1154121,A'ana,Leulumoega,Samoa,27,false
http://www.wikidata.org/entity/Q466031,Kandal Province,Ta Khmau,Cambodia,44,false
http://www.wikidata.org/entity/Q868497,Nimba,Sanniquellie,Liberia,33,false
http://www.wikidata.org/entity/Q1138575,Dajabón Province,Dajabón,Dominican Republic,31,false
http://www.wikidata.org/entity/Q827015,Bouenza Department,Madingou,Republic of the Congo,41,false
http://www.wikidata.org/entity/Q926530,Salfit Governorate,Salfit,Palestine,31,false
http://www.wikidata.org/entity/Q140207,Taranaki Region,Stratford,New Zealand,49,false
http://www.wikidata.org/entity/Q1473654,Saint Anne Sandy Point Parish,Sandy Point Town,Saint Kitts and Nevis,24,false
http://www.wikidata.org/entity/Q275744,Aghstafa District,Aghstafa,Azerbaijan,52,false
http://www.wikidata.org/entity/Q979608,San Juan–Laventille,San Juan,Trinidad and Tobago,18,false
http://www.wikidata.org/entity/Q1992716,Kratovo Municipality,Kratovo,North Macedonia,31,false
http://www.wikidata.org/entity/Q836649,Penama,Saratamata,Vanuatu,39,false
http://www.wikidata.org/entity/Q19950954,Drâa-Tafilalet,Errachidia,Morocco,34,false
http://www.wikidata.org/entity/Q235810,Médéa Province,Médéa,Algeria,54,false
http://www.wikidata.org/entity/Q181235,Panjshir Province,Bazarak,Afghanistan,74,false
http://www.wikidata.org/entity/Q185442,Laghman Province,Mihtarlam,Afghanistan,71,false
http://www.wikidata.org/entity/Q2129061,Ștefan Vodă District,Ștefan Vodă,Moldova,32,false
http://www.wikidata.org/entity/Q330800,Agsu District,Aghsu,Azerbaijan,49,false
http://www.wikidata.org/entity/Q330818,Aghjabadi District,Aghjabadi,Azerbaijan,56,false
http://www.wikidata.org/entity/Q275784,Aghdash District,Agdash,Azerbaijan,53,false
http://www.wikidata.org/entity/Q845823,Centro Sur,Evinayong,Equatorial Guinea,35,false
http://www.wikidata.org/entity/Q397678,Canton of Capellen,Capellen,Luxembourg,39,false
http://www.wikidata.org/entity/Q330850,Balakan District,Balakan,Azerbaijan,50,false
http://www.wikidata.org/entity/Q48247,Jufra,Hun,Libya,40,false
http://www.wikidata.org/entity/Q2270414,Probištip Municipality,Probištip,North Macedonia,31,false
http://www.wikidata.org/entity/Q601105,Saatly District,Saatly,Azerbaijan,45,false
http://www.wikidata.org/entity/Q331687,Fuzuli District,Fuzuli,Azerbaijan,53,false
http://www.wikidata.org/entity/Q856278,Demir Hisar Municipality,Demir Hisar,North Macedonia,35,false
http://www.wikidata.org/entity/Q343908,Imishli District,Imishli,Azerbaijan,48,false
http://www.wikidata.org/entity/Q990063,Sveta Ana Municipality,Sveta Ana v Slovenskih goricah,Slovenia,30,false
http://www.wikidata.org/entity/Q424388,Akwa Ibom State,Uyo,Nigeria,64,false
http://www.wikidata.org/entity/Q878308,Strășeni District,Strășeni,Moldova,28,false
http://www.wikidata.org/entity/Q865594,Drochia District,Drochia,Moldova,32,false
http://www.wikidata.org/entity/Q865884,Taraclia District,Taraclia,Moldova,32,false
http://www.wikidata.org/entity/Q2018980,Vasilevo Municipality,Vasilevo,North Macedonia,32,false
http://www.wikidata.org/entity/Q286646,Cimișlia District,Cimișlia,Moldova,30,false
http://www.wikidata.org/entity/Q753795,Briceni District,Briceni,Moldova,33,false
http://www.wikidata.org/entity/Q2021942,Santiago Rodríguez Province,Sabaneta,Dominican Republic,29,false
http://www.wikidata.org/entity/Q1946579,Novo Selo Municipality,Novo Selo,North Macedonia,36,false
http://www.wikidata.org/entity/Q845934,Shiselweni Region,Nhlangano,Eswatini,36,false
http://www.wikidata.org/entity/Q328128,Al Jawf Governorate,Al Hazm,Yemen,40,false
http://www.wikidata.org/entity/Q330834,Bilasuvar District,Bilasuvar,Azerbaijan,51,false
http://www.wikidata.org/entity/Q3685410,Palanga City Municipality,Palanga,Lithuania,10,false
http://www.wikidata.org/entity/Q754448,Haa District,Ha,Bhutan,40,false
http://www.wikidata.org/entity/Q794116,Mamusha Municipality,Mamusha,Kosovo,9,false
http://www.wikidata.org/entity/Q865726,Florești District,Florești,Moldova,29,false
http://www.wikidata.org/entity/Q867112,Gracias a Dios Department,Puerto Lempira,Honduras,41,false
http://www.wikidata.org/entity/Q878375,Fălești District,Fălești,Moldova,30,false
http://www.wikidata.org/entity/Q1499,Uttarakhand,Gairsain,India,136,false
http://www.wikidata.org/entity/Q147116,Unguja North Region,Mkokotoni,Tanzania,42,false
http://www.wikidata.org/entity/Q1836903,Sánchez Ramírez Province,Cotuí,Dominican Republic,30,false
http://www.wikidata.org/entity/Q585707,Sekong,Sekong,Laos,41,false
http://www.wikidata.org/entity/Q688633,Neftchala District,Neftçala,Azerbaijan,45,false
http://www.wikidata.org/entity/Q200667,Ladakh,Kargil,India,101,false
http://www.wikidata.org/entity/Q878266,Nisporeni District,Nisporeni,Moldova,29,false
http://www.wikidata.org/entity/Q688626,Lerik District,Lerik,Azerbaijan,47,false
http://www.wikidata.org/entity/Q807079,Baoruco Province,Neiba,Dominican Republic,32,false
http://www.wikidata.org/entity/Q15891,Municipality of Litija,Litija,Slovenia,32,false
http://www.wikidata.org/entity/Q1424391,San José de Ocoa Province,San José de Ocoa,Dominican Republic,28,false
http://www.wikidata.org/entity/Q170024,Ras Al Khaimah,Ras al-Khaimah,United Arab Emirates,79,false
http://www.wikidata.org/entity/Q849320,Municipality of Brezovica,Brezovica pri Ljubljani,Slovenia,33,false
http://www.wikidata.org/entity/Q592624,Monte Cristi Province,Monte Cristi,Dominican Republic,34,false
http://www.wikidata.org/entity/Q1185362,Demerara-Mahaica,Paradise,Guyana,30,false
http://www.wikidata.org/entity/Q507051,Municipality of Kranjska Gora,Kranjska Gora,Slovenia,39,false
http://www.wikidata.org/entity/Q1091337,Soroti District,Soroti,Uganda,23,false
http://www.wikidata.org/entity/Q344252,Ismayilli District,Ismayilli,Azerbaijan,48,false
http://www.wikidata.org/entity/Q382132,Sabirabad District,Sabirabad,Azerbaijan,51,false
http://www.wikidata.org/entity/Q197564,Zhemgang District,Zhemgang,Bhutan,41,false
http://www.wikidata.org/entity/Q1230035,Pader District,Pader,Uganda,21,false
http://www.wikidata.org/entity/Q1375825,Nebbi District,Nebbi,Uganda,20,false
http://www.wikidata.org/entity/Q867084,Ocotepeque Department,Ocotepeque,Honduras,40,false
http://www.wikidata.org/entity/Q476690,Hajigabul District,Hajigabul,Azerbaijan,49,false
http://www.wikidata.org/entity/Q1375850,Moroto District,Moroto Town,Uganda,20,false
http://www.wikidata.org/entity/Q1826662,Leova District,Leova,Moldova,28,false
http://www.wikidata.org/entity/Q1229921,Kapchorwa District,Kapchorwa,Uganda,20,false
http://www.wikidata.org/entity/Q1051692,Caué,São João dos Angolares,São Tomé and Príncipe,24,false
http://www.wikidata.org/entity/Q1053600,Savanne District,Souillac,Mauritius,33,false
http://www.wikidata.org/entity/Q588916,Telšiai District Municipality,Telšiai,Lithuania,25,false
http://www.wikidata.org/entity/Q180822,Mjini Magharibi Region,Zanzibar City,Tanzania,41,false
http://www.wikidata.org/entity/Q1796621,Sîngerei District,Sîngerei,Moldova,30,false
http://www.wikidata.org/entity/Q684183,Cantemir District,Cantemir,Moldova,32,false
http://www.wikidata.org/entity/Q1375835,Sironko District,Sironko,Uganda,19,false
http://www.wikidata.org/entity/Q728922,Tsirang District,Damphu,Bhutan,41,false
http://www.wikidata.org/entity/Q878278,Dubăsari District,Cocieri,Moldova,31,false
http://www.wikidata.org/entity/Q726548,Municipality of Gornji Grad,Gornji Grad,Slovenia,28,false
http://www.wikidata.org/entity/Q1230005,Mityana District,Mityana,Uganda,22,false
http://www.wikidata.org/entity/Q477168,Tartar District,Tartar,Azerbaijan,51,false
http://www.wikidata.org/entity/Q1144488,Aiga-i-le-Tai,Mulifanua,Samoa,30,false
http://www.wikidata.org/entity/Q865639,Șoldănești District,Șoldănești,Moldova,30,false
http://www.wikidata.org/entity/Q302656,Salavan Province,Sālavan,Laos,43,false
http://www.wikidata.org/entity/Q878317,Rezina District,Rezina,Moldova,29,false
http://www.wikidata.org/entity/Q591139,Santa Bárbara Department,Santa Bárbara,Honduras,42,false
http://www.wikidata.org/entity/Q866886,La Paz Department,La Paz,Honduras,43,false
http://www.wikidata.org/entity/Q744670,Zamora Chinchipe,Zamora,Ecuador,43,false
http://www.wikidata.org/entity/Q522221,Chalatenango Department,Chalatenango,El Salvador,39,false
http://www.wikidata.org/entity/Q234227,Skikda Province,Skikda,Algeria,54,false
http://www.wikidata.org/entity/Q860716,Glodeni District,Glodeni,Moldova,32,false
http://www.wikidata.org/entity/Q1375843,Pallisa District,Pallisa,Uganda,20,false
http://www.wikidata.org/entity/Q40398,Tutong District,Tutong,Brunei,43,false
http://www.wikidata.org/entity/Q856657,Lubombo Region,Siteki,Eswatini,35,false
http://www.wikidata.org/entity/Q1295496,Monseñor Nouel Province,Bonao,Dominican Republic,31,false
http://www.wikidata.org/entity/Q1949656,María Trinidad Sánchez Province,Nagua,Dominican Republic,32,false
http://www.wikidata.org/entity/Q799800,Bafing Region,Touba,Ivory Coast,31,false
http://www.wikidata.org/entity/Q499598,Tarrafal,Tarrafal,Cape Verde,28,false
http://www.wikidata.org/entity/Q728917,Samtse District,Samtse,Bhutan,44,false
http://www.wikidata.org/entity/Q1364817,Luwero District,Luweero,Uganda,22,false
http://www.wikidata.org/entity/Q457494,Dashkasan District,Dashkasan,Azerbaijan,50,false
http://www.wikidata.org/entity/Q914058,Cabañas Department,Sensuntepeque,El Salvador,43,false
http://www.wikidata.org/entity/Q29173,Kouffo Department,Aplahoué,Benin,46,false
http://www.wikidata.org/entity/Q465929,Sainyabūlī,Sainyabūlī,Laos,42,false
http://www.wikidata.org/entity/Q652867,Kampong Speu Province,Chbar Mon,Cambodia,39,false
http://www.wikidata.org/entity/Q330843,Goranboy District,Goranboy,Azerbaijan,51,false
http://www.wikidata.org/entity/Q330749,Gadabay District,Gadabay,Azerbaijan,51,false
http://www.wikidata.org/entity/Q130755512,Douentza Region,Douentza,Mali,6,false
http://www.wikidata.org/entity/Q125711,Cuvette-Ouest Department,Ewo,Republic of the Congo,40,false
http://www.wikidata.org/entity/Q214504,Labuan,Victoria,Malaysia,71,false
http://www.wikidata.org/entity/Q1050621,Bahr el Gazel,Moussoro,Chad,35,false
http://www.wikidata.org/entity/Q1992691,Dolneni Municipality,Dolneni,North Macedonia,34,false
http://www.wikidata.org/entity/Q728929,Samdrup Jongkhar District,Samdrup Jongkhar,Bhutan,40,false
http://www.wikidata.org/entity/Q1318857,Koboko District,Koboko,Uganda,18,false
http://www.wikidata.org/entity/Q457491,Jabrayil District,Jabrayil,Azerbaijan,51,false
http://www.wikidata.org/entity/Q751725,Bay Islands Department,Coxen Hole,Honduras,48,false
http://www.wikidata.org/entity/Q1774831,El Seibo Province,Santa Cruz del Seibo,Dominican Republic,32,false
http://www.wikidata.org/entity/Q1130688,La Unión Department,La Unión,El Salvador,38,false
http://www.wikidata.org/entity/Q214221,Lunda Norte Province,Dundo,Angola,58,false
http://www.wikidata.org/entity/Q937217,Hato Mayor Province,Hato Mayor del Rey,Dominican Republic,34,false
http://www.wikidata.org/entity/Q36409,Lai Châu,Lai Châu,Vietnam,52,false
http://www.wikidata.org/entity/Q502151,Preah Vihear Province,Phnom Tbeng Meanchey,Cambodia,43,false
http://www.wikidata.org/entity/Q2001793,San Juan Province,San Juan de la Maguana,Dominican Republic,31,false
http://www.wikidata.org/entity/Q1318806,Kamwenge District,Kamwenge,Uganda,17,false
http://www.wikidata.org/entity/Q1229797,Bushenyi District,Bushenyi,Uganda,19,false
http://www.wikidata.org/entity/Q463242,Bumthang District,Jakar,Bhutan,50,false
http://www.wikidata.org/entity/Q1032245,Kanungu District,Kanungu,Uganda,20,false
http://www.wikidata.org/entity/Q9050283,Zelenikovo Municipality,Zelenikovo,North Macedonia,33,false
http://www.wikidata.org/entity/Q862584,Enga Province,Wabag,Papua New Guinea,37,false
http://www.wikidata.org/entity/Q18826,Autonomous Region of Bougainville,Buka,Papua New Guinea,67,false
http://www.wikidata.org/entity/Q735146,Dagana District,Daga,Bhutan,41,false
http://www.wikidata.org/entity/Q1362587,Yumbe District,Yumbe,Uganda,20,false
http://www.wikidata.org/entity/Q765370,Plateaux Department,Djambala,Republic of the Congo,41,false
http://www.wikidata.org/entity/Q2075188,Charlotte Parish,Georgetown,Saint Vincent and the Grenadines,24,false
http://www.wikidata.org/entity/Q1042437,Hadjer-Lamis,Massakory,Chad,36,false
http://www.wikidata.org/entity/Q1318843,Kotido District,Kotido,Uganda,18,false
http://www.wikidata.org/entity/Q652830,Mondulkiri Province,Senmonorom,Cambodia,41,false
http://www.wikidata.org/entity/Q1996740,Vrapčište Municipality,Vrapčište,North Macedonia,31,false
http://www.wikidata.org/entity/Q494874,São Miguel,Calheta de São Miguel,Cape Verde,25,false
http://www.wikidata.org/entity/Q1229930,Katakwi District,Katakwi,Uganda,22,false
http://www.wikidata.org/entity/Q750259,Tafilah Governorate,Tafilah,Jordan,36,false
http://www.wikidata.org/entity/Q497981,Peleliu,Kloulklubed,Palau,40,false
http://www.wikidata.org/entity/Q682654,Alto Paraná Department,Ciudad del Este,Paraguay,49,false
http://www.wikidata.org/entity/Q182778,Vrancea County,Focșani,Romania,66,false
http://www.wikidata.org/entity/Q47097,Guizhou,Guiyang,People's Republic of China,123,false
http://www.wikidata.org/entity/Q167199,Vaslui County,Vaslui,Romania,66,false
http://www.wikidata.org/entity/Q1502,Mizoram,Aizawl,India,127,false
http://www.wikidata.org/entity/Q876541,Jablanica District,Leskovac,Serbia,39,false
http://www.wikidata.org/entity/Q186838,Vâlcea County,Râmnicu Vâlcea,Romania,62,false
http://www.wikidata.org/entity/Q1104675,Kardzhali,Kardzhali,Bulgaria,71,false
http://www.wikidata.org/entity/Q2012430,Smolyan,Smolyan,Bulgaria,72,false
http://www.wikidata.org/entity/Q187334,Al Anbar Governorate,Ramadi,Iraq,61,false
http://www.wikidata.org/entity/Q199580,Central Greece Region,Lamia,Greece,69,false
http://www.wikidata.org/entity/Q3317366,Herceg Novi Municipality,Herceg Novi,Montenegro,24,false
http://www.wikidata.org/entity/Q5694,Kainuu,Kajaani,Finland,71,false
http://www.wikidata.org/entity/Q24045859,Bulawayo Province,Bulawayo,Zimbabwe,2,false
http://www.wikidata.org/entity/Q200938,Loreto Department,Iquitos,Peru,60,false
http://www.wikidata.org/entity/Q202484,Peloponnese Region,Tripoli,Greece,66,false
http://www.wikidata.org/entity/Q190702,Harghita County,Miercurea Ciuc,Romania,66,false
http://www.wikidata.org/entity/Q43745,Artvin Province,Artvin,Turkey,94,false
http://www.wikidata.org/entity/Q25263,Azores,Angra do Heroísmo,Portugal,138,false
http://www.wikidata.org/entity/Q2071640,Tauragė District Municipality,Tauragė,Lithuania,28,false
http://www.wikidata.org/entity/Q23048167,Oriental,Oujda,Morocco,36,false
http://www.wikidata.org/entity/Q171551,South Khorasan Province,Birjand,Iran,85,false
http://www.wikidata.org/entity/Q191717,Mehedinți County,Drobeta-Turnu Severin,Romania,61,false
http://www.wikidata.org/entity/Q192362,Valga County,Valga,Estonia,67,false
http://www.wikidata.org/entity/Q155219,Niğde Province,Niğde,Turkey,75,false
http://www.wikidata.org/entity/Q721441,Irbid Governorate,Irbid,Jordan,43,false
http://www.wikidata.org/entity/Q458412,Pwani Region,Kibaha,Tanzania,45,false
http://www.wikidata.org/entity/Q238931,Mangystau Region,Aktau,Kazakhstan,75,false
http://www.wikidata.org/entity/Q58731,Baja California,Mexicali,Mexico,115,false
http://www.wikidata.org/entity/Q201063,Shirak Province,Gyumri,Armenia,73,false
http://www.wikidata.org/entity/Q1499,Uttarakhand,Dehradun,India,136,false
http://www.wikidata.org/entity/Q80051,Ağrı Province,Ağrı,Turkey,89,false
http://www.wikidata.org/entity/Q133924,Ōita Prefecture,Ōita-shi,Japan,95,false
http://www.wikidata.org/entity/Q47813,Çanakkale Province,Çanakkale,Turkey,88,false
http://www.wikidata.org/entity/Q47117,Balıkesir Province,Balıkesir,Turkey,92,false
http://www.wikidata.org/entity/Q486073,Balkan Province,Balkanabat,Turkmenistan,67,false
http://www.wikidata.org/entity/Q130308,Kumamoto Prefecture,Kumamoto,Japan,94,false
http://www.wikidata.org/entity/Q214104,Karbala Governorate,Karbala,Iraq,54,false
http://www.wikidata.org/entity/Q861539,Braničevo District,Požarevac,Serbia,42,false
http://www.wikidata.org/entity/Q123376,Ehime Prefecture,Matsuyama,Japan,97,false
http://www.wikidata.org/entity/Q233236,Latakia Governorate,Latakia,Syria,58,false
http://www.wikidata.org/entity/Q139918,Waikato Region,Hamilton,New Zealand,55,false
http://www.wikidata.org/entity/Q2507200,Prizren Municipality,Prizren,Kosovo,12,false
http://www.wikidata.org/entity/Q201085,Prizren District (Serbia),Prizren,Serbia,21,false
http://www.wikidata.org/entity/Q132936,Okayama Prefecture,Okayama,Japan,93,false
http://www.wikidata.org/entity/Q48326,Iwate Prefecture,Morioka,Japan,107,false
http://www.wikidata.org/entity/Q134093,Kōchi Prefecture,Kōchi-shi,Japan,94,false
http://www.wikidata.org/entity/Q79861,Michoacán,Morelia,Mexico,101,false
http://www.wikidata.org/entity/Q44843,Tochigi Prefecture,Utsunomiya,Japan,95,false
http://www.wikidata.org/entity/Q126125,Saint-Martin,Marigot,France,102,false
http://www.wikidata.org/entity/Q161454,Kagawa Prefecture,Takamatsu,Japan,95,false
http://www.wikidata.org/entity/Q133935,Tottori Prefecture,Tottori,Japan,95,false
http://www.wikidata.org/entity/Q4865016,Nikšić Municipality,Nikšić,Montenegro,20,false
http://www.wikidata.org/entity/Q131314,Wakayama Prefecture,Wakayama,Japan,97,false
http://www.wikidata.org/entity/Q79952,Aguascalientes,Aguascalientes City,Mexico,108,false
http://www.wikidata.org/entity/Q82089,Bolu Province,Bolu,Turkey,89,false
http://www.wikidata.org/entity/Q482779,Giresun Province,Giresun,Turkey,83,false
http://www.wikidata.org/entity/Q483481,Rize Province,Rize,Turkey,78,false
http://www.wikidata.org/entity/Q425782,Central Banat District,Zrenjanin,Serbia,41,false
http://www.wikidata.org/entity/Q185309,Buzău County,Buzău,Romania,66,false
http://www.wikidata.org/entity/Q1043446,Rasina District,Kruševac,Serbia,36,false
http://www.wikidata.org/entity/Q129499,Gunma Prefecture,Maebashi,Japan,102,false
http://www.wikidata.org/entity/Q133879,Fukui Prefecture,Fukui,Japan,98,false
http://www.wikidata.org/entity/Q132720,Yamanashi Prefecture,Kofu,Japan,95,false
http://www.wikidata.org/entity/Q5695,Kanta-Häme,Hämeenlinna,Finland,66,false
http://www.wikidata.org/entity/Q79840,Ardahan Province,Ardahan,Turkey,87,false
http://www.wikidata.org/entity/Q620742,Tunceli Province,Tunceli,Turkey,78,false
http://www.wikidata.org/entity/Q193055,Giurgiu County,Giurgiu,Romania,61,false
http://www.wikidata.org/entity/Q190406,Gorj County,Târgu Jiu,Romania,63,false
http://www.wikidata.org/entity/Q188959,Covasna County,Sfântu Gheorghe,Romania,65,false
http://www.wikidata.org/entity/Q822692,Ziguinchor Region,Ziguinchor,Senegal,37,false
http://www.wikidata.org/entity/Q647572,Municipality of Bled,Bled,Slovenia,26,false
http://www.wikidata.org/entity/Q131358,Shiga Prefecture,Otsu,Japan,98,false
http://www.wikidata.org/entity/Q26000,Al Wahat District,Ajdabiya,Libya,38,false
http://www.wikidata.org/entity/Q128196,Mie Prefecture,Tsu,Japan,100,false
http://www.wikidata.org/entity/Q168949,Semnan Province,Semnan,Iran,89,false
http://www.wikidata.org/entity/Q190716,Central Province,Kandy,Sri Lanka,46,false
http://www.wikidata.org/entity/Q30656,Faiyum Governorate,Faiyum,Egypt,54,false
http://www.wikidata.org/entity/Q320852,Abia State,Umuahia,Nigeria,68,false
http://www.wikidata.org/entity/Q476222,Phra Nakhon Si Ayutthaya,Phra Nakhon Si Ayutthaya,Thailand,52,false
http://www.wikidata.org/entity/Q251825,Hawke's Bay Region,Napier,New Zealand,52,false
http://www.wikidata.org/entity/Q40888,Andaman and Nicobar Islands,Srivijayapuram,India,128,false
http://www.wikidata.org/entity/Q313132,Mažeikiai District Municipality,Mažeikiai,Lithuania,25,false
http://www.wikidata.org/entity/Q2558824,Visaginas Municipality,Visaginas,Lithuania,17,false
http://www.wikidata.org/entity/Q66117,Morelos,Cuernavaca,Mexico,106,false
http://www.wikidata.org/entity/Q83273,Ibaraki Prefecture,Mito,Japan,105,false
http://www.wikidata.org/entity/Q132929,Toyama Prefecture,Toyama,Japan,94,false
http://www.wikidata.org/entity/Q78980,San Luis Potosí,San Luis Potosí,Mexico,98,false
http://www.wikidata.org/entity/Q130300,Miyazaki Prefecture,Miyazaki,Japan,96,false
http://www.wikidata.org/entity/Q720221,Canton of Echternach,Echternach,Luxembourg,40,false
http://www.wikidata.org/entity/Q204367,Zinder Region,Zinder,Niger,37,false
http://www.wikidata.org/entity/Q130625,North Kivu,Goma,Democratic Republic of the Congo,58,false
http://www.wikidata.org/entity/Q241774,Abyan Governorate,Zinjibar,Yemen,44,false
http://www.wikidata.org/entity/Q735169,West Bačka District,Sombor,Serbia,38,false
http://www.wikidata.org/entity/Q867803,Mačva District,Šabac,Serbia,40,false
http://www.wikidata.org/entity/Q862606,Oubri,Ziniaré Department,Burkina Faso,36,false
http://www.wikidata.org/entity/Q273306,Phang Nga,Phang Nga,Thailand,50,false
http://www.wikidata.org/entity/Q191071,Hunedoara County,Deva,Romania,65,false
http://www.wikidata.org/entity/Q183539,County Louth,Dundalk,Ireland,64,false
http://www.wikidata.org/entity/Q205078,Cajamarca Department,Cajamarca,Peru,54,false
http://www.wikidata.org/entity/Q1123380,Yoro Department,Yoro,Honduras,39,false
http://www.wikidata.org/entity/Q262125,Intibucá Department,La Esperanza,Honduras,39,false
http://www.wikidata.org/entity/Q744138,Lempira Department,Gracias,Honduras,40,false
http://www.wikidata.org/entity/Q2282240,Sopište Municipality,Sopište,North Macedonia,32,false
http://www.wikidata.org/entity/Q1130677,Cuscatlán Department,Cojutepeque,El Salvador,40,false
http://www.wikidata.org/entity/Q600200,Trashiyangtse District,Trashiyangtse,Bhutan,42,false
http://www.wikidata.org/entity/Q29173,Kouffo Department,Dogbo-Tota,Benin,46,false
http://www.wikidata.org/entity/Q389734,Mongar District,Mongar,Bhutan,40,false
http://www.wikidata.org/entity/Q498437,Samukh District,Samukh,Azerbaijan,47,false
http://www.wikidata.org/entity/Q15912,Municipality of Ribnica,Ribnica,Slovenia,35,false
http://www.wikidata.org/entity/Q598793,Lhuntse District,Lhuntse,Bhutan,40,false
http://www.wikidata.org/entity/Q1362129,Bundibugyo District,Bundibugyo,Uganda,19,false
http://www.wikidata.org/entity/Q2679127,Couva-Tabaquite-Talparo,Couva,Trinidad and Tobago,18,false
http://www.wikidata.org/entity/Q1992701,Gradsko Municipality,Gradsko,North Macedonia,35,false
http://www.wikidata.org/entity/Q2018930,Krivogaštani Municipality,Krivogaštani,North Macedonia,31,false
http://www.wikidata.org/entity/Q209774,Bulgan Province,Selenge,Mongolia,53,false
http://www.wikidata.org/entity/Q29141,Collines department,Dassa-Zoumé,Benin,47,false
http://www.wikidata.org/entity/Q763400,Municipality of Brda,Dobrovo,Slovenia,37,false
http://www.wikidata.org/entity/Q185575,Paktika Province,Sharana,Afghanistan,69,false
http://www.wikidata.org/entity/Q1059694,Kaffrine,Kaffrine,Senegal,32,false
http://www.wikidata.org/entity/Q1352533,Pedernales Province,Pedernales,Dominican Republic,30,false
http://www.wikidata.org/entity/Q2305115,Saint Andrew Parish,Layou,Saint Vincent and the Grenadines,24,false
http://www.wikidata.org/entity/Q15927,Municipality of Tržič,Tržič,Slovenia,34,false
http://www.wikidata.org/entity/Q976873,Rakai District,Rakai,Uganda,21,false
http://www.wikidata.org/entity/Q1375853,Nakapiripirit District,Nakapiripirit,Uganda,20,false
http://www.wikidata.org/entity/Q167279,Pemagatshel District,Pemagatsel,Bhutan,40,false
http://www.wikidata.org/entity/Q370390,Municipality of Vuzenica,Vuzenica,Slovenia,32,false
http://www.wikidata.org/entity/Q1229906,Kaberamaido District,Kaberamaido,Uganda,20,false
http://www.wikidata.org/entity/Q2729021,Agder,Arendal,Norway,50,false
http://www.wikidata.org/entity/Q911278,Los Santos Province,Las Tablas,Panama,40,false
http://www.wikidata.org/entity/Q1352536,Santo Domingo Province,Santo Domingo Este,Dominican Republic,31,false
http://www.wikidata.org/entity/Q499009,São Domingos,São Domingos,Cape Verde,24,false
http://www.wikidata.org/entity/Q1895853,Tarrafal de São Nicolau,Tarrafal de São Nicolau,Cape Verde,23,false
http://www.wikidata.org/entity/Q2128903,Staro Nagoričane Municipality,Staro Nagoričane,North Macedonia,29,false
http://www.wikidata.org/entity/Q530813,Angaur,Ngeremasch,Palau,38,false
http://www.wikidata.org/entity/Q1779775,Bosilovo Municipality,Bosilovo,North Macedonia,34,false
http://www.wikidata.org/entity/Q1996410,Želino Municipality,Želino,North Macedonia,31,false
http://www.wikidata.org/entity/Q193494,Afar Region,Semera,Ethiopia,61,false
http://www.wikidata.org/entity/Q15893,Municipality of Logatec,Logatec,Slovenia,35,false
http://www.wikidata.org/entity/Q122415622,Central Ethiopia Regional State,Hosaena,Ethiopia,19,false
http://www.wikidata.org/entity/Q150325,Western Province,Gizo,Solomon Islands,30,false
http://www.wikidata.org/entity/Q175021,Emirate of Umm Al Quwain,Umm Al Quwain,United Arab Emirates,77,false
http://www.wikidata.org/entity/Q604966,Kibaale District,Kibaale,Uganda,19,false
http://www.wikidata.org/entity/Q233233,Djelfa Province,Djelfa,Algeria,56,false
http://www.wikidata.org/entity/Q1688771,Municipality of Jezersko,Zgornje Jezersko,Slovenia,32,false
http://www.wikidata.org/entity/Q1342139,Saint James Windward Parish,Newcastle,Saint Kitts and Nevis,23,false
http://www.wikidata.org/entity/Q866699,Sonsorol,Dongosaru,Palau,35,false
http://www.wikidata.org/entity/Q1864637,Saint Patrick Parish,Barrouallie,Saint Vincent and the Grenadines,24,false
http://www.wikidata.org/entity/Q1323340,Debarca Municipality,Belčišta,North Macedonia,34,false
http://www.wikidata.org/entity/Q273807,Kamphaeng Phet,Kamphaeng Phet,Thailand,49,false
http://www.wikidata.org/entity/Q1003969,Municipality of Dornava,Dornava,Slovenia,30,false
http://www.wikidata.org/entity/Q36676,Đồng Tháp,Sa Đéc,Vietnam,48,false
http://www.wikidata.org/entity/Q1346554,Karbinci Municipality,Karbinci,North Macedonia,33,false
http://www.wikidata.org/entity/Q1996470,Lozovo Municipality,Lozovo,North Macedonia,32,false
http://www.wikidata.org/entity/Q1475001,Rankovce Municipality,Rankovce,North Macedonia,32,false
http://www.wikidata.org/entity/Q2088585,Rosoman Municipality,Rosoman,North Macedonia,33,false
http://www.wikidata.org/entity/Q1994547,Čaška Municipality,Čaška,North Macedonia,34,false
http://www.wikidata.org/entity/Q950881,Zrnovci Municipality,Zrnovci,North Macedonia,32,false
http://www.wikidata.org/entity/Q2545297,Grenadines Parish,Port Elizabeth,Saint Vincent and the Grenadines,22,false
http://www.wikidata.org/entity/Q131468014,Dioila Region,Dioïla,Mali,6,false
http://www.wikidata.org/entity/Q1323332,Mavrovo i Rostuše Municipality,Rostuša,North Macedonia,35,false
http://www.wikidata.org/entity/Q2018921,Plasnica Municipality,Plasnica,North Macedonia,30,false
http://www.wikidata.org/entity/Q1992728,Konče Municipality,Konče,North Macedonia,33,false
http://www.wikidata.org/entity/Q2041236,Lipkovo Municipality,Lipkovo,North Macedonia,33,false
http://www.wikidata.org/entity/Q657754,Ilinden Municipality,Ilinden,North Macedonia,34,false
http://www.wikidata.org/entity/Q77103173,El M'Ghair Province,El M'Ghair,Algeria,16,false
http://www.wikidata.org/entity/Q494726,São Lourenço dos Órgãos,João Teves,Cape Verde,24,false
http://www.wikidata.org/entity/Q431908,Jegunovce Municipality,Jegunovce,North Macedonia,32,false
http://www.wikidata.org/entity/Q1839369,Mogila Municipality,Mogila,North Macedonia,32,false
http://www.wikidata.org/entity/Q2088022,Novaci Municipality,Novaci,North Macedonia,30,false
http://www.wikidata.org/entity/Q1018191,Petrovec Municipality,Petrovec,North Macedonia,31,false
http://www.wikidata.org/entity/Q164474,Kamuli District,Kamuli,Uganda,23,false
http://www.wikidata.org/entity/Q1149611,Sila Region,Goz Beïda,Chad,31,false
http://www.wikidata.org/entity/Q977183,Saint Andrew Parish,Grenville,Grenada,30,false
http://www.wikidata.org/entity/Q747221,Ribeira Brava Municipality,Ribeira Brava,Cape Verde,25,false
http://www.wikidata.org/entity/Q241886,Lomami Province,Kabinda,Democratic Republic of the Congo,38,false
http://www.wikidata.org/entity/Q747432,Hawalli,Hawally,Kuwait,36,false
http://www.wikidata.org/entity/Q104891,Västernorrland County,Härnösand,Sweden,77,false
http://www.wikidata.org/entity/Q181220,Daykundi Province,Nili,Afghanistan,73,false
http://www.wikidata.org/entity/Q209829,Sankuru,Lusambo,Democratic Republic of the Congo,42,false
http://www.wikidata.org/entity/Q990414,Umm Salal Municipality,Umm Salal Mohammed,Qatar,28,false
http://www.wikidata.org/entity/Q386093,Saint Paul,Falmouth,Antigua and Barbuda,32,false
http://www.wikidata.org/entity/Q1996413,Dojran Municipality,Nov Dojran,North Macedonia,33,false
http://www.wikidata.org/entity/Q1996413,Dojran Municipality,Star Dojran,North Macedonia,33,false
http://www.wikidata.org/entity/Q134457202,Nkéni-Alima Department,Gamboma,Republic of the Congo,2,false
http://www.wikidata.org/entity/Q1538034,Saint Mary Cayon Parish,Cayon,Saint Kitts and Nevis,24,false
http://www.wikidata.org/entity/Q134457230,Congo-Oubangui Department,Mossaka,Republic of the Congo,3,false
http://www.wikidata.org/entity/Q321455,Beja,Beja,Portugal,53,false
http://www.wikidata.org/entity/Q274109,Setúbal,Setúbal,Portugal,53,false
http://www.wikidata.org/entity/Q244521,Faro,Faro (city),Portugal,55,false
http://www.wikidata.org/entity/Q326203,Braga,Braga,Portugal,53,false
http://www.wikidata.org/entity/Q244512,Leiria,Leiria,Portugal,50,false
http://www.wikidata.org/entity/Q244517,Coimbra,Coimbra,Portugal,52,false
http://www.wikidata.org/entity/Q274118,Évora,Évora,Portugal,50,false
http://www.wikidata.org/entity/Q1752101,Saint Thomas Middle Island Parish,Middle Island,Saint Kitts and Nevis,23,false
http://www.wikidata.org/entity/Q1752122,Saint Thomas Lowland Parish,Cotton Ground,Saint Kitts and Nevis,23,false
http://www.wikidata.org/entity/Q176164,Christ Church Nichola Town Parish,Nichola Town,Saint Kitts and Nevis,23,false
http://www.wikidata.org/entity/Q1725609,Saint Peter Basseterre Parish,Monkey Hill,Saint Kitts and Nevis,22,false
http://www.wikidata.org/entity/Q657318,Saint John Figtree Parish,Figtree,Saint Kitts and Nevis,23,false
http://www.wikidata.org/entity/Q1472520,Saint George Gingerland Parish,Market Shop,Saint Kitts and Nevis,25,false
http://www.wikidata.org/entity/Q748523,Kebbi State,Birnin Kebbi,Nigeria,63,false
http://www.wikidata.org/entity/Q504637,Alta Verapaz Department,Cobán,Guatemala,46,false
http://www.wikidata.org/entity/Q25632,Jabal al Gharbi District,Gharyan,Libya,32,false
http://www.wikidata.org/entity/Q275781,Phitsanulok,Phitsanulok,Thailand,55,false
http://www.wikidata.org/entity/Q721431,Balqa Governorate,Salt,Jordan,39,false
http://www.wikidata.org/entity/Q30815,South Sinai Governorate,El-Tor,Egypt,56,false
http://www.wikidata.org/entity/Q328145,Nabeul Governorate,Nabeul,Tunisia,38,false
http://www.wikidata.org/entity/Q29161,Donga Department,Djougou,Benin,47,false
http://www.wikidata.org/entity/Q682721,Osun State,Osogbo,Nigeria,60,false
http://www.wikidata.org/entity/Q460435,Lavalleja Department,Minas,Uruguay,52,false
http://www.wikidata.org/entity/Q47047,Ayeyarwady Region,Pathein,Myanmar,55,false
http://www.wikidata.org/entity/Q846320,Northwestern Province,Solwezi,Zambia,43,false
http://www.wikidata.org/entity/Q205843,La Guaira state,La Guaira,Venezuela,62,false
http://www.wikidata.org/entity/Q590802,Moyen-Ogooué Province,Lambaréné,Gabon,49,false
http://www.wikidata.org/entity/Q13682,Zamboanga Peninsula,Pagadian,Philippines,49,false
http://www.wikidata.org/entity/Q870191,Kankan Region,Kankan,Guinea,37,false
http://www.wikidata.org/entity/Q752676,Hardap Region,Mariental,Namibia,49,false
http://www.wikidata.org/entity/Q327533,Khon Kaen,Khon Kaen,Thailand,50,false
http://www.wikidata.org/entity/Q748470,Kampot Province,Kampot,Cambodia,40,false
http://www.wikidata.org/entity/Q740640,Sanma,Luganville,Vanuatu,39,false
http://www.wikidata.org/entity/Q871083,Tahoua Region,Tahoua,Niger,34,false
http://www.wikidata.org/entity/Q512273,Corozal District,Corozal,Belize,40,false
http://www.wikidata.org/entity/Q506036,Orange Walk District,Orange Walk Town,Belize,39,false
http://www.wikidata.org/entity/Q506049,Toledo District,Punta Gorda,Belize,42,false
http://www.wikidata.org/entity/Q140083,Marlborough District,Blenheim,New Zealand,48,false
http://www.wikidata.org/entity/Q502652,Stann Creek District,Dangriga,Belize,41,false
http://www.wikidata.org/entity/Q217138,Bocas del Toro Province,Bocas del Toro,Panama,48,false
http://www.wikidata.org/entity/Q1858,Hanoi,Ba Đình District,Vietnam,202,false
http://www.wikidata.org/entity/Q890879,Long Island,Clarence Town,The Bahamas,32,false
http://www.wikidata.org/entity/Q862611,Boké Region,Boké,Guinea,37,false
http://www.wikidata.org/entity/Q867869,Lac Region,Bol,Chad,35,false
http://www.wikidata.org/entity/Q487585,Tashkent Region,Nurafshon,Uzbekistan,67,false
http://www.wikidata.org/entity/Q911421,Mayo-Kebbi Est Region,Bongor,Chad,34,false
http://www.wikidata.org/entity/Q791667,Awdal Region,Borama,Somalia,40,false
http://www.wikidata.org/entity/Q592251,Gbarpolu County,Bopolu,Liberia,32,false
http://www.wikidata.org/entity/Q488904,Jonglei,Bor,South Sudan,44,false
http://www.wikidata.org/entity/Q848591,Ouham-Pendé Prefecture,Bozoum,Central African Republic,39,false
http://www.wikidata.org/entity/Q751632,Haut-Uele,Isiro,Democratic Republic of the Congo,43,false
http://www.wikidata.org/entity/Q3435117,Municipality of Razkrižje,Razkrižje,Slovenia,22,false
http://www.wikidata.org/entity/Q857122,South,Ebolowa,Cameroon,45,false
http://www.wikidata.org/entity/Q856261,Diourbel Region,Diourbel,Senegal,36,false
http://www.wikidata.org/entity/Q216972,Uíge Province,Uíge,Angola,56,false
http://www.wikidata.org/entity/Q3657833,Vushtrri Municipality,Vushtrri,Kosovo,11,false
http://www.wikidata.org/entity/Q853393,Kie-ntem,Ebibeyin,Equatorial Guinea,33,false
http://www.wikidata.org/entity/Q622619,Atlántida Department,La Ceiba,Honduras,47,false
http://www.wikidata.org/entity/Q846158,West Coast Division,Brikama,The Gambia,35,false
http://www.wikidata.org/entity/Q240014,Paraguarí Department,Paraguarí,Paraguay,44,false
http://www.wikidata.org/entity/Q276195,Töv Province,Zuunmod,Mongolia,51,false
http://www.wikidata.org/entity/Q184618,County Tipperary,Nenagh,Ireland,64,false
http://www.wikidata.org/entity/Q14824027,Kavango West Region,Nkurenkuru,Namibia,34,false
http://www.wikidata.org/entity/Q213467,Perlis,Kangar,Malaysia,73,false
http://www.wikidata.org/entity/Q936717,Sud-Est,Jacmel,Haiti,31,false
http://www.wikidata.org/entity/Q2069342,Lazdijai District Municipality,Lazdijai,Lithuania,27,false
http://www.wikidata.org/entity/Q1277758,East Berbice-Corentyne,New Amsterdam,Guyana,31,false
http://www.wikidata.org/entity/Q847680,Brokopondo District,Brokopondo,Suriname,44,false
http://www.wikidata.org/entity/Q629934,Manufahi Municipality,Same,Timor-Leste,33,false
http://www.wikidata.org/entity/Q1362109,Mpigi District,Mpigi,Uganda,21,false
http://www.wikidata.org/entity/Q570358,Masaya Department,Masaya,Nicaragua,44,false
http://www.wikidata.org/entity/Q527093,Bankui,Dédougou,Burkina Faso,38,false
http://www.wikidata.org/entity/Q856788,Prey Veng Province,Prey Veng,Cambodia,39,false
http://www.wikidata.org/entity/Q541468,West Coast Region,Greymouth,New Zealand,47,false
http://www.wikidata.org/entity/Q880399,Caaguazú Department,Coronel Oviedo,Paraguay,46,false
http://www.wikidata.org/entity/Q1147524,Wanica District,Lelydorp,Suriname,39,false
http://www.wikidata.org/entity/Q183056,Maidan Wardak Province,Maidan Shar,Afghanistan,71,false
http://www.wikidata.org/entity/Q131467708,Nara Region,Nara,Mali,5,false
http://www.wikidata.org/entity/Q657821,Katsina State,Katsina,Nigeria,61,false
http://www.wikidata.org/entity/Q204642,Ntungamo District,Ntungamo,Uganda,18,false
http://www.wikidata.org/entity/Q860148,Deçan Municipality,Deçan,Kosovo,14,false
http://www.wikidata.org/entity/Q13365904,Municipality of Hodoš,Hodoš,Slovenia,25,false
http://www.wikidata.org/entity/Q921092,Municipality of Puconci,Puconci,Slovenia,22,false
http://www.wikidata.org/entity/Q4703564,Al Batinah North Governorate,Sohar,Oman,26,false
http://www.wikidata.org/entity/Q213272,Dornogovi Province,Sainshand,Mongolia,53,false
http://www.wikidata.org/entity/Q167764,Zavkhan Province,Uliastai,Mongolia,54,false
http://www.wikidata.org/entity/Q1163429,Mai-Ndombe Province,Inongo,Democratic Republic of the Congo,38,false
http://www.wikidata.org/entity/Q188157,Parwan Province,Charikar,Afghanistan,71,false
http://www.wikidata.org/entity/Q504238,Loja Province,Loja,Ecuador,48,false
http://www.wikidata.org/entity/Q209774,Bulgan Province,Bulgan,Mongolia,53,false
http://www.wikidata.org/entity/Q1461972,Kazlų Rūda Municipality,Kazlų Rūda,Lithuania,26,false
http://www.wikidata.org/entity/Q1461920,Pasvalys District Municipality,Pasvalys,Lithuania,26,false
http://www.wikidata.org/entity/Q321863,Imbabura Province,Ibarra,Ecuador,52,false
http://www.wikidata.org/entity/Q860897,Liquiçá Municipality,Liquiçá,Timor-Leste,32,false
http://www.wikidata.org/entity/Q131522532,San Region,San,Mali,6,false
http://www.wikidata.org/entity/Q608361,Nord-Ouest,Port-de-Paix,Haiti,32,false
http://www.wikidata.org/entity/Q330790,Khojaly District,Khojaly,Azerbaijan,48,false
http://www.wikidata.org/entity/Q846056,Worodougou,Séguéla,Ivory Coast,28,false
http://www.wikidata.org/entity/Q843984,Copán Department,Santa Rosa de Copán,Honduras,44,false
http://www.wikidata.org/entity/Q328193,Dhamar Governorate,Dhamar,Yemen,43,false
http://www.wikidata.org/entity/Q1032233,Masaka District,Masaka,Uganda,24,false
http://www.wikidata.org/entity/Q833013,Magway Region,Magway,Myanmar,50,false
http://www.wikidata.org/entity/Q2089785,Molėtai District Municipality,Molėtai,Lithuania,27,false
http://www.wikidata.org/entity/Q1137551,Barahona Province,Santa Cruz de Barahona,Dominican Republic,36,false
http://www.wikidata.org/entity/Q186392,Ghor Province,Firuzkoh,Afghanistan,76,false
http://www.wikidata.org/entity/Q860157,Klina Municipality,Klina,Kosovo,12,false
http://www.wikidata.org/entity/Q60764358,Bono East Region,Techiman,Ghana,23,false
http://www.wikidata.org/entity/Q201121,Yaracuy,San Felipe,Venezuela,66,false
http://www.wikidata.org/entity/Q924698,Municipality of Odranci,Odranci,Slovenia,16,false
http://www.wikidata.org/entity/Q334868,Phongsaly Province,Phongsālī,Laos,41,false
http://www.wikidata.org/entity/Q1122836,Morazán Department,San Francisco Gotera,El Salvador,41,false
http://www.wikidata.org/entity/Q279945,Savanes Region,Durum Town,Togo,36,false
http://www.wikidata.org/entity/Q2366966,Príncipe Autonomous Region,Santo António,São Tomé and Príncipe,12,false
http://www.wikidata.org/entity/Q188076,Võru County,Võru,Estonia,72,false
http://www.wikidata.org/entity/Q6702952,Kasaï-Central,Kananga,Democratic Republic of the Congo,39,false
http://www.wikidata.org/entity/Q720030,South Banat District,Pančevo,Serbia,39,false
http://www.wikidata.org/entity/Q125863,Yamagata Prefecture,Yamagata,Japan,103,false
http://www.wikidata.org/entity/Q229467,Tamanrasset Province,Tamanrasset,Algeria,59,false
http://www.wikidata.org/entity/Q1147674,Ionian Islands Region,Corfu,Greece,47,false
http://www.wikidata.org/entity/Q483083,Yalova Province,Yalova,Turkey,81,false
http://www.wikidata.org/entity/Q1061082,Raška District,Kraljevo,Serbia,39,false
http://www.wikidata.org/entity/Q836657,Ogun State,Abeokuta,Nigeria,59,false
http://www.wikidata.org/entity/Q1995856,Nelson Region,Nelson,New Zealand,11,false
http://www.wikidata.org/entity/Q430693,Nevşehir Province,Nevşehir,Turkey,77,false
http://www.wikidata.org/entity/Q128978,Kilis Province,Kilis,Turkey,75,false
http://www.wikidata.org/entity/Q432391,Düzce Province,Düzce,Turkey,80,false
http://www.wikidata.org/entity/Q484392,Kırıkkale Province,Kırıkkale,Turkey,76,false
http://www.wikidata.org/entity/Q93209,Hakkâri Province,Hakkâri,Turkey,81,false
http://www.wikidata.org/entity/Q131597,Kırklareli Province,Kırklareli,Turkey,80,false
http://www.wikidata.org/entity/Q272947,Çorum Province,Çorum,Turkey,81,false
http://www.wikidata.org/entity/Q188945,Olt County,Slatina,Romania,61,false
http://www.wikidata.org/entity/Q160734,Tokushima Prefecture,Tokushima,Japan,93,false
http://www.wikidata.org/entity/Q218848,Huambo Province,Huambo,Angola,58,false
http://www.wikidata.org/entity/Q132751,Shimane Prefecture,Matsue,Japan,92,false
http://www.wikidata.org/entity/Q60123,Chiapas,Tuxtla Gutiérrez,Mexico,110,false
http://www.wikidata.org/entity/Q4086488,Bijelo Polje Municipality,Bijelo Polje,Montenegro,26,false
http://www.wikidata.org/entity/Q1195,Meghalaya,Shillong,India,124,false
http://www.wikidata.org/entity/Q127264,Yamaguchi Prefecture,Yamaguchi,Japan,94,false
http://www.wikidata.org/entity/Q5696,Central Ostrobothnia,Kokkola,Finland,63,false
http://www.wikidata.org/entity/Q60158,Guerrero,Chilpancingo de los Bravo,Mexico,106,false
http://www.wikidata.org/entity/Q79920,Nayarit,Tepic,Mexico,99,false
http://www.wikidata.org/entity/Q46763,Bilecik Province,Bilecik,Turkey,87,false
http://www.wikidata.org/entity/Q134187,Kırşehir Province,Kırşehir,Turkey,74,false
http://www.wikidata.org/entity/Q1048139,Kolubara District,Valjevo,Serbia,42,false
http://www.wikidata.org/entity/Q915380,Moravica District,Čačak,Serbia,37,false
http://www.wikidata.org/entity/Q1193,Manipur,Imphal,India,137,false
http://www.wikidata.org/entity/Q25263,Azores,Ponta Delgada,Portugal,138,false
http://www.wikidata.org/entity/Q4853794,Berane Municipality,Berane,Montenegro,26,false
http://www.wikidata.org/entity/Q878284,Kaduna State,Kaduna,Nigeria,60,false
http://www.wikidata.org/entity/Q26132,Sabha District,Sabha,Libya,35,false
http://www.wikidata.org/entity/Q171314,Eastern Macedonia and Thrace Region,Komotini,Greece,73,false
http://www.wikidata.org/entity/Q318102,Monastir Governorate,Monastir,Tunisia,41,false
http://www.wikidata.org/entity/Q310120,Red Sea,Port Sudan,Sudan,44,false
http://www.wikidata.org/entity/Q169674,Kakheti,Telavi,Georgia,70,false
http://www.wikidata.org/entity/Q199910,Magdalena Department,Santa Marta,Colombia,71,false
http://www.wikidata.org/entity/Q82112,State of Mexico,Toluca de Lerdo,Mexico,105,false
http://www.wikidata.org/entity/Q184599,County Wexford,Wexford,Ireland,65,false
http://www.wikidata.org/entity/Q181862,County Clare,Ennis,Ireland,68,false
http://www.wikidata.org/entity/Q12094,Canton of Appenzell Innerrhoden,Appenzell,Switzerland,97,false
http://www.wikidata.org/entity/Q48236,Ghat District,Ghat,Libya,37,false
http://www.wikidata.org/entity/Q130840,Eastern Cape,Bhisho,South Africa,92,false
http://www.wikidata.org/entity/Q160420,Saga Prefecture,Saga,Japan,93,false
http://www.wikidata.org/entity/Q272662,Çankırı Province,Çankırı,Turkey,78,false
http://www.wikidata.org/entity/Q191653,Teleorman County,Alexandria,Romania,62,false
http://www.wikidata.org/entity/Q173616,South Aegean Region,Ermoupolis,Greece,72,false
http://www.wikidata.org/entity/Q504252,Tungurahua Province,Ambato,Ecuador,52,false
http://www.wikidata.org/entity/Q231896,Kukës County,Kukës,Albania,66,false
http://www.wikidata.org/entity/Q75445,Yozgat Province,Yozgat,Turkey,80,false
http://www.wikidata.org/entity/Q80914,Tabasco,Villahermosa,Mexico,106,false
http://www.wikidata.org/entity/Q165956,North West,Mahikeng,South Africa,84,false
http://www.wikidata.org/entity/Q189963,Ida-Viru County,Jõhvi,Estonia,74,false
http://www.wikidata.org/entity/Q988104,Équateur,Mbandaka,Democratic Republic of the Congo,35,false
http://www.wikidata.org/entity/Q1043494,Kongo Central,Matadi,Democratic Republic of the Congo,57,false
http://www.wikidata.org/entity/Q4859821,Plav Municipality,Plav,Montenegro,24,false
http://www.wikidata.org/entity/Q214155,Mopti Region,Mopti,Mali,45,false
http://www.wikidata.org/entity/Q57448,Ningxia,Yinchuan,People's Republic of China,120,false
http://www.wikidata.org/entity/Q3299950,Pljevlja Municipality,Pljevlja,Montenegro,21,false
http://www.wikidata.org/entity/Q622801,Sofala,Beira,Mozambique,45,false
http://www.wikidata.org/entity/Q115434,Villa Clara Province,Santa Clara,Cuba,54,false
http://www.wikidata.org/entity/Q1061099,Pčinja District,Vranje,Serbia,36,false
http://www.wikidata.org/entity/Q181882,County Carlow,Carlow,Ireland,70,false
http://www.wikidata.org/entity/Q80252,Sinaloa,Culiacán,Mexico,104,false
http://www.wikidata.org/entity/Q83342,Bartın Province,Bartın,Turkey,82,false
http://www.wikidata.org/entity/Q80088,Burdur Province,Burdur,Turkey,83,false
http://www.wikidata.org/entity/Q483063,Bayburt Province,Bayburt,Turkey,83,false
http://www.wikidata.org/entity/Q26124,Derna District,Derna,Libya,39,false
http://www.wikidata.org/entity/Q58268,Istria County,Pazin,Croatia,65,false
http://www.wikidata.org/entity/Q139907,Manawatū-Whanganui Region,Palmerston North,New Zealand,46,false
http://www.wikidata.org/entity/Q19039,Samtskhe–Javakheti,Akhaltsikhe,Georgia,65,false
http://www.wikidata.org/entity/Q188948,Călărași County,Călărași,Romania,66,false
http://www.wikidata.org/entity/Q134417,Markazi Province,Arak,Iran,89,false
http://www.wikidata.org/entity/Q806550,Bangsamoro,Parang,Philippines,47,false
http://www.wikidata.org/entity/Q508804,Sacatepéquez Department,Antigua Guatemala,Guatemala,43,false
http://www.wikidata.org/entity/Q68929,Ukmergė District Municipality,Ukmergė,Lithuania,28,false
http://www.wikidata.org/entity/Q184469,County Kerry,Tralee,Ireland,66,false
http://www.wikidata.org/entity/Q205126,La Libertad Department,Trujillo,Peru,51,false
http://www.wikidata.org/entity/Q1074138,Nablus Governorate,Nablus,Palestine,34,false
http://www.wikidata.org/entity/Q46508,Baja California Sur,La Paz,Mexico,106,false
http://www.wikidata.org/entity/Q212786,Benguela Province,Benguela,Angola,59,false
http://www.wikidata.org/entity/Q482788,Gümüşhane Province,Gümüşhane,Turkey,79,false
http://www.wikidata.org/entity/Q38589,Nyanza Province,Kisumu,Kenya,38,false
http://www.wikidata.org/entity/Q171382,Bamyan Province,Bamyan,Afghanistan,79,false
http://www.wikidata.org/entity/Q1171,Goa,Panaji,India,157,false
http://www.wikidata.org/entity/Q235814,Tipasa Province,Tipaza,Algeria,56,false
http://www.wikidata.org/entity/Q44724,Amazonas Department,Leticia,Colombia,69,false
http://www.wikidata.org/entity/Q466019,El Oro Province,Machala,Ecuador,52,false
http://www.wikidata.org/entity/Q208185,Apurímac Department,Abancay,Peru,57,false
http://www.wikidata.org/entity/Q598745,Northern Province,Jaffna,Sri Lanka,43,false
http://www.wikidata.org/entity/Q187402,County Cavan,Cavan,Ireland,65,false
http://www.wikidata.org/entity/Q242263,Gabès Governorate,Gabès,Tunisia,41,false
http://www.wikidata.org/entity/Q193044,Ialomița County,Slobozia,Romania,62,false
http://www.wikidata.org/entity/Q192352,Rapla County,Rapla,Estonia,69,false
http://www.wikidata.org/entity/Q173332,County Kildare,Naas,Ireland,69,false
http://www.wikidata.org/entity/Q1309481,Saraj Municipality,Saraj,North Macedonia,31,false
http://www.wikidata.org/entity/Q920353,Municipality of Sveti Jurij ob Ščavnici,Sveti Jurij ob Ščavnici,Slovenia,28,false
http://www.wikidata.org/entity/Q1318877,Ibanda District,Ibanda,Uganda,19,false
http://www.wikidata.org/entity/Q1472864,Vieux Fort Quarter,Vieux Fort,Saint Lucia,26,false
http://www.wikidata.org/entity/Q1229734,Adjumani District,Adjumani,Uganda,20,false
http://www.wikidata.org/entity/Q15913,Municipality of Rogaška Slatina,Rogaška Slatina,Slovenia,34,false
http://www.wikidata.org/entity/Q1375859,Kaliro District,Kaliro,Uganda,24,false
http://www.wikidata.org/entity/Q891962,Mubende District,Mubende,Uganda,24,false
http://www.wikidata.org/entity/Q432438,Nakaseke District,Nakaseke,Uganda,19,false
http://www.wikidata.org/entity/Q976859,Nakasongola District,Nakasongola,Uganda,20,false
http://www.wikidata.org/entity/Q1075816,Choiseul Quarter,Choiseul,Saint Lucia,23,false
http://www.wikidata.org/entity/Q56404886,Innlandet,Hamar,Norway,49,false
http://www.wikidata.org/entity/Q24276,La Massana,La Massana,Andorra,55,false
http://www.wikidata.org/entity/Q728099,Matagalpa Department,Matagalpa,Nicaragua,45,false
http://www.wikidata.org/entity/Q24272,Ordino,Ordino,Andorra,56,false
http://www.wikidata.org/entity/Q30650,New Valley Governorate,El-Kharga Town,Egypt,56,false
http://www.wikidata.org/entity/Q1351722,Kaunas District Municipality,Kaunas,Lithuania,26,false
http://www.wikidata.org/entity/Q928938,Kaunas City Municipality,Kaunas,Lithuania,8,false
http://www.wikidata.org/entity/Q77105251,Ouled Djellal Province,Ouled Djellal,Algeria,16,false
http://www.wikidata.org/entity/Q913370,Mubarak Al-Kabeer Governorate,Mubarak Al-Kabeer,Kuwait,34,false
http://www.wikidata.org/entity/Q836002,Canton of Grevenmacher,Grevenmacher,Luxembourg,41,false
http://www.wikidata.org/entity/Q578294,Gasa District,Gasa Dzong,Bhutan,41,false
http://www.wikidata.org/entity/Q15881,Municipality of Jesenice,Jesenice,Slovenia,30,false
http://www.wikidata.org/entity/Q1364824,Mayuge District,Mayuge,Uganda,20,false
http://www.wikidata.org/entity/Q1229798,Bugiri District,Bugiri,Uganda,22,false
http://www.wikidata.org/entity/Q392173,Municipality of Šmarje pri Jelšah,Šmarje pri Jelšah,Slovenia,28,false
http://www.wikidata.org/entity/Q952735,Saint Paul Capisterre Parish,Saint Paul Capisterre,Saint Kitts and Nevis,22,false
http://www.wikidata.org/entity/Q652754,Chukha District,Tsimasham,Bhutan,46,false
http://www.wikidata.org/entity/Q1375780,Abim District,Abim,Uganda,22,false
http://www.wikidata.org/entity/Q3536053,Agago District,Agago,Uganda,19,false
http://www.wikidata.org/entity/Q475033,Raymah Governorate,Al-Jaby,Yemen,38,false
http://www.wikidata.org/entity/Q3536082,Alebtong District,Alebtong,Uganda,17,false
http://www.wikidata.org/entity/Q1318822,Amolatar District,Amolatar,Uganda,19,false
http://www.wikidata.org/entity/Q3536116,Amudat District,Amudat,Uganda,18,false
http://www.wikidata.org/entity/Q1375762,Amuria District,Amuria,Uganda,22,false
http://www.wikidata.org/entity/Q1375771,Amuru District,Amuru,Uganda,21,false
http://www.wikidata.org/entity/Q1141041,Emberá-Wounaan Comarca,Unión Chocó,Panama,31,false
http://www.wikidata.org/entity/Q1362085,Budaka District,Budaka town,Uganda,21,false
http://www.wikidata.org/entity/Q3321998,Kween District,Binyiny,Uganda,20,false
http://www.wikidata.org/entity/Q712828,Upper East Region,Bolgatanga,Ghana,46,false
http://www.wikidata.org/entity/Q1365449,Bududa District,Bududa,Uganda,21,false
http://www.wikidata.org/entity/Q1001862,Bueng Kan,Bueng Kan,Thailand,45,false
http://www.wikidata.org/entity/Q3537661,Buhweju District,Buhweju,Uganda,16,false
http://www.wikidata.org/entity/Q3321631,Buikwe District,Buikwe,Uganda,24,false
http://www.wikidata.org/entity/Q1375812,Bukedea District,Bukedea,Uganda,20,false
http://www.wikidata.org/entity/Q3321599,Bukomansimbi District,Bukomansimbi,Uganda,22,false
http://www.wikidata.org/entity/Q1375868,Bukwo District,Bukwa,Uganda,20,false
http://www.wikidata.org/entity/Q1114868,Bulambuli District,Bulambuli,Uganda,18,false
http://www.wikidata.org/entity/Q1229793,Buliisa District,Buliisa,Uganda,21,false
http://www.wikidata.org/entity/Q1375755,Butaleja District,Butaleja,Uganda,20,false
http://www.wikidata.org/entity/Q1114938,Buyende District,Buyende,Uganda,19,false
http://www.wikidata.org/entity/Q48804004,Oti Region,Dambai,Ghana,25,false
http://www.wikidata.org/entity/Q1318872,Dokolo District,Dokolo,Uganda,17,false
http://www.wikidata.org/entity/Q1318815,Kyenjojo District,Kyenjojo,Uganda,19,false
http://www.wikidata.org/entity/Q235705,Oum El Bouaghi Province,Oum El Bouaghi,Algeria,56,false
http://www.wikidata.org/entity/Q48804007,Ahafo Region,Goaso,Ghana,25,false
http://www.wikidata.org/entity/Q3321622,Butambala District,Gombe,Uganda,22,false
http://www.wikidata.org/entity/Q205057,Cusco Department,Cusco,Peru,53,false
http://www.wikidata.org/entity/Q1318887,Isingiro District,Isingiro,Uganda,19,false
http://www.wikidata.org/entity/Q476708,Khizi District,Khizi,Azerbaijan,48,false
http://www.wikidata.org/entity/Q1318833,Oyam District,Oyam,Uganda,20,false
http://www.wikidata.org/entity/Q1375819,Namutumba District,Namutumba,Uganda,19,false
http://www.wikidata.org/entity/Q1229881,Kaabong District,Kaabong,Uganda,20,false
http://www.wikidata.org/entity/Q1375789,Manafwa District,Manafwa,Uganda,19,false
http://www.wikidata.org/entity/Q1151062,Kumi District,Kumi Town,Uganda,23,false
http://www.wikidata.org/entity/Q38249484,Kagadi District,Kagadi,Uganda,9,false
http://www.wikidata.org/entity/Q3321614,Kalungu District,Kalungu,Uganda,23,false
http://www.wikidata.org/entity/Q1004666,Fars Province,Shiraz,Iran,99,false
http://www.wikidata.org/entity/Q3539711,Sheema District,Kibingo,Uganda,18,false
http://www.wikidata.org/entity/Q1114885,Kibuku District,Kibuku,Uganda,18,false
http://www.wikidata.org/entity/Q1318865,Kiruhura District,Kiruhura,Uganda,19,false
http://www.wikidata.org/entity/Q3539151,Kole District,Kole,Uganda,19,false
http://www.wikidata.org/entity/Q534203,Kyankwanzi District,Kyankwanzi,Uganda,21,false
http://www.wikidata.org/entity/Q3539256,Kyegegwa District,Kyegegwa,Uganda,17,false
http://www.wikidata.org/entity/Q3539277,Lamwo District,Lamwo,Uganda,18,false
http://www.wikidata.org/entity/Q3321637,Gomba District,Kanoni,Uganda,21,false
http://www.wikidata.org/entity/Q1114954,Lwengo District,Lwengo,Uganda,21,false
http://www.wikidata.org/entity/Q1375878,Lyantonde District,Lyantonde,Uganda,21,false
http://www.wikidata.org/entity/Q1114977,Luuka District,Luuka Town,Uganda,21,false
http://www.wikidata.org/entity/Q1114903,Ngora District,Ngora,Uganda,18,false
http://www.wikidata.org/entity/Q1114927,Serere District,Serere,Uganda,19,false
http://www.wikidata.org/entity/Q3539495,Napak District,Napak,Uganda,18,false
http://www.wikidata.org/entity/Q3539572,Nwoya District,Nwoya,Uganda,19,false
http://www.wikidata.org/entity/Q3539602,Otuke District,Otuke,Uganda,17,false
http://www.wikidata.org/entity/Q3539730,Zombo District,Zombo,Uganda,19,false
http://www.wikidata.org/entity/Q3539116,Kiryandongo District,Kiryandongo,Uganda,19,false
http://www.wikidata.org/entity/Q3539414,Mitooma District,Mitooma,Uganda,17,false
http://www.wikidata.org/entity/Q3539648,Rubirizi District,Rubirizi,Uganda,17,false
http://www.wikidata.org/entity/Q289419,Rukungiri District,Rukungiri,Uganda,20,false
http://www.wikidata.org/entity/Q60764359,North East Region,Nalerigu,Ghana,22,false
http://www.wikidata.org/entity/Q407967,Airai,Ngetkib,Palau,37,false
http://www.wikidata.org/entity/Q506646,Pailin Province,Pailin Municipality,Cambodia,43,false
http://www.wikidata.org/entity/Q25104019,Sudurpashchim Province,Godawari,Nepal,38,false
http://www.wikidata.org/entity/Q127676,Trøndelag,Steinkjer,Norway,67,false
http://www.wikidata.org/entity/Q1382499,Hela Province,Tari,Papua New Guinea,29,false
http://www.wikidata.org/entity/Q376738,Trinity Palmetto Point Parish,Trinity,Saint Kitts and Nevis,23,false
http://www.wikidata.org/entity/Q50632,Finnmark,Vadsø,Norway,85,false
http://www.wikidata.org/entity/Q60764360,Western North Region,Wiawso,Ghana,21,false
http://www.wikidata.org/entity/Q15925,Municipality of Trbovlje,Trbovlje,Slovenia,25,false
http://www.wikidata.org/entity/Q845540,San Salvador Island,Cockburn Town,The Bahamas,43,false
http://www.wikidata.org/entity/Q2192924,Bay of Plenty Region,Whakatāne,New Zealand,54,false
http://www.wikidata.org/entity/Q502148,Kampong Thom Province,Kampong Thom,Cambodia,44,false
http://www.wikidata.org/entity/Q109788993,Southwest Ethiopia Regional State,Bonga,Ethiopia,22,false
http://www.wikidata.org/entity/Q404943,Plungė District Municipality,Plungė,Lithuania,26,false
http://www.wikidata.org/entity/Q848554,Tambacounda Region,Tambacounda,Senegal,43,false
http://www.wikidata.org/entity/Q272247,Suphan Buri,Suphan Buri,Thailand,50,false
http://www.wikidata.org/entity/Q552354,Al Ahmadi Governorate,Al Ahmadi,Kuwait,37,false
http://www.wikidata.org/entity/Q16579,San José Department,San José de Mayo,Uruguay,52,false
http://www.wikidata.org/entity/Q928694,Nord-Est,Fort-Liberté,Haiti,31,false
http://www.wikidata.org/entity/Q823800,Woleu-Ntem Province,Oyem,Gabon,48,false
http://www.wikidata.org/entity/Q267224,Tébessa Province,Tébessa,Algeria,52,false
http://www.wikidata.org/entity/Q936704,Sud,Les Cayes,Haiti,32,false
http://www.wikidata.org/entity/Q842266,Huehuetenango Department,Huehuetenango,Guatemala,42,false
http://www.wikidata.org/entity/Q877578,Bong County,Gbarnga,Liberia,34,false
http://www.wikidata.org/entity/Q1093157,Tulkarm Governorate,Tulkarm,Palestine,34,false
http://www.wikidata.org/entity/Q845817,Bioko Sur,Luba,Equatorial Guinea,36,false
http://www.wikidata.org/entity/Q823762,Ogooué-Lolo Province,Koulamoutou,Gabon,49,false
http://www.wikidata.org/entity/Q167514,Logone Oriental Region,Doba,Chad,33,false
http://www.wikidata.org/entity/Q534528,Oshana Region,Oshakati,Namibia,44,false
http://www.wikidata.org/entity/Q850055,Dosso Region,Dosso,Niger,36,false
http://www.wikidata.org/entity/Q216834,Cuanza Norte Province,N'dalatando,Angola,57,false
http://www.wikidata.org/entity/Q913231,Grand'Anse,Jérémie,Haiti,33,false
http://www.wikidata.org/entity/Q12632,Brakna,Aleg,Mauritania,35,false
http://www.wikidata.org/entity/Q380764,Sukhothai,Sukhothai Thani,Thailand,50,false
http://www.wikidata.org/entity/Q1051475,Rennell and Bellona Province,Tigoa,Solomon Islands,32,false
http://www.wikidata.org/entity/Q97232200,Mārupe Municipality,Mārupe,Latvia,16,false
http://www.wikidata.org/entity/Q693487,Puerto Plata Province,Luperon pto pta,Dominican Republic,33,false
http://www.wikidata.org/entity/Q183028,Uruzgan Province,Tarinkot,Afghanistan,76,false
http://www.wikidata.org/entity/Q24269,Encamp,Encamp,Andorra,58,false
http://www.wikidata.org/entity/Q850088,Goulmou,Fada N’Gourma,Burkina Faso,36,false
http://www.wikidata.org/entity/Q25263,Azores,Horta,Portugal,138,false
http://www.wikidata.org/entity/Q1053302,Diffa Region,Diffa,Niger,36,false
http://www.wikidata.org/entity/Q504666,Manabí Province,Portoviejo,Ecuador,52,false
http://www.wikidata.org/entity/Q41146,Apure,San Fernando de Apure,Venezuela,66,false
http://www.wikidata.org/entity/Q12750439,Tuzi Municipality,Tuzi,Montenegro,13,false
http://www.wikidata.org/entity/Q2048354,Leposavić Municipality,Leposavić,Kosovo,11,false
http://www.wikidata.org/entity/Q2738284,Radoviš Municipality,Radoviš,North Macedonia,29,false
http://www.wikidata.org/entity/Q2043104,Istog Municipality,Istog,Kosovo,12,false
http://www.wikidata.org/entity/Q275732,Saada Governorate,Saada,Yemen,43,false
http://www.wikidata.org/entity/Q693658,Izabal Department,Puerto Barrios,Guatemala,43,false
http://www.wikidata.org/entity/Q2183668,Moyo District,Moyo Town,Uganda,21,false
http://www.wikidata.org/entity/Q867117,Colón Department,Trujillo,Honduras,42,false
http://www.wikidata.org/entity/Q1752127,Saint Paul Charlestown Parish,Charlestown,Saint Kitts and Nevis,22,false
http://www.wikidata.org/entity/Q819987,Leribe District,Hlotse,Lesotho,37,false
http://www.wikidata.org/entity/Q876506,Otjozondjupa Region,Otjiwarongo,Namibia,45,false
http://www.wikidata.org/entity/Q266444,Ocnița District,Ocnița,Moldova,30,false
http://www.wikidata.org/entity/Q844528,Centre,Hinche,Haiti,34,false
http://www.wikidata.org/entity/Q387745,Kogi State,Lokoja,Nigeria,62,false
http://www.wikidata.org/entity/Q429908,Benue State,Makurdi,Nigeria,62,false
http://www.wikidata.org/entity/Q503932,Niger State,Minna,Nigeria,65,false
http://www.wikidata.org/entity/Q337514,Adamawa State,Yola,Nigeria,63,false
http://www.wikidata.org/entity/Q29154,Atakora Department,Natitingou,Benin,46,false
http://www.wikidata.org/entity/Q860399,Podujeva Municipality,Podujeva,Kosovo,12,false
http://www.wikidata.org/entity/Q211900,Napo Province,Tena,Ecuador,48,false
http://www.wikidata.org/entity/Q876023,Rangpur Division,Rangpur,Bangladesh,56,false
http://www.wikidata.org/entity/Q16036965,Lipjan Municipality,Lipjan,Kosovo,13,false
http://www.wikidata.org/entity/Q1207391,Kayunga District,Kayunga,Uganda,25,false
http://www.wikidata.org/entity/Q205460,Cojedes,San Carlos,Venezuela,63,false
http://www.wikidata.org/entity/Q2128862,Criuleni District,Criuleni,Moldova,30,false
http://www.wikidata.org/entity/Q868520,Kindia Region,Kindia,Guinea,38,false
http://www.wikidata.org/entity/Q275377,Chaiyaphum,Chaiyaphum,Thailand,52,false
http://www.wikidata.org/entity/Q386667,Luapula Province,Mansa,Zambia,44,false
http://www.wikidata.org/entity/Q1046324,Middle Juba,Bu'ale,Somalia,33,false
http://www.wikidata.org/entity/Q862617,Quinara Region,Buba,Guinea-Bissau,34,false
http://www.wikidata.org/entity/Q202075,Guárico,San Juan de Los Morros,Venezuela,61,false
http://www.wikidata.org/entity/Q665514,Liptako,Dori,Burkina Faso,35,false
http://www.wikidata.org/entity/Q853405,Nazinon,Manga,Burkina Faso,36,false
http://www.wikidata.org/entity/Q505220,Huancavelica Department,Huancavelica,Peru,52,false
http://www.wikidata.org/entity/Q208182,Moquegua Department,Moquegua,Peru,53,false
http://www.wikidata.org/entity/Q236769,Krabi,Krabi,Thailand,67,false
http://www.wikidata.org/entity/Q211835,Dundgovi Province,Mandalgovi,Mongolia,53,false
http://www.wikidata.org/entity/Q838775,Omaheke Region,Gobabis,Namibia,46,false
http://www.wikidata.org/entity/Q330813,Khojavend District,Khojavend,Azerbaijan,49,false
http://www.wikidata.org/entity/Q301832,Lachin District,Lachin,Azerbaijan,55,false
http://www.wikidata.org/entity/Q3736616,Annobón Province,San Antonio de Palé,Equatorial Guinea,38,false
http://www.wikidata.org/entity/Q115310,Mayabeque Province,San José de las Lajas,Cuba,44,false
http://www.wikidata.org/entity/Q211795,Lima Department,Huacho,Peru,52,false
http://www.wikidata.org/entity/Q765975,Chimaltenango Department,Chimaltenango,Guatemala,42,false
http://www.wikidata.org/entity/Q823822,Ogooué-Ivindo Province,Makokou,Gabon,47,false
http://www.wikidata.org/entity/Q870146,Nzérékoré Region,Nzérékoré,Guinea,35,false
http://www.wikidata.org/entity/Q780838,Cacheu Region,Cacheu,Guinea-Bissau,35,false
http://www.wikidata.org/entity/Q271797,Mohéli,Fomboni,Comoros,54,false
http://www.wikidata.org/entity/Q839060,Quthing District,Quthing,Lesotho,35,false
http://www.wikidata.org/entity/Q311371,White Nile,Rabak,Sudan,41,false
http://www.wikidata.org/entity/Q219115,Skuodas District Municipality,Skuodas,Lithuania,25,false
http://www.wikidata.org/entity/Q1461987,Kalvarija Municipality,Kalvarija,Lithuania,25,false
http://www.wikidata.org/entity/Q1657116,Pakruojis District Municipality,Pakruojis,Lithuania,27,false
http://www.wikidata.org/entity/Q876512,Oshikoto Region,Omuthiya,Namibia,42,false
http://www.wikidata.org/entity/Q834551,South Ubangi,Gemena,Democratic Republic of the Congo,40,false
http://www.wikidata.org/entity/Q6667298,Logar Province,Pol-e Alam,Afghanistan,72,false
http://www.wikidata.org/entity/Q19594930,Mymensingh Division,Mymensingh,Bangladesh,48,false
http://www.wikidata.org/entity/Q860365,Drenas Municipality,Drenas,Kosovo,13,false
http://www.wikidata.org/entity/Q221684,Chuuk,Weno,Federated States of Micronesia,51,false
http://www.wikidata.org/entity/Q768119,Guidimakha,Sélibaby,Mauritania,33,false
http://www.wikidata.org/entity/Q668498,Saint John Capisterre Parish,Dieppe Bay Town,Saint Kitts and Nevis,24,false
http://www.wikidata.org/entity/Q2228167,Princes Town,Princes Town,Trinidad and Tobago,18,false
http://www.wikidata.org/entity/Q465947,Xiangkhouang Province,Phōnsavan,Laos,40,false
http://www.wikidata.org/entity/Q465490,South Kordofan,Kaduqli,Sudan,46,false
http://www.wikidata.org/entity/Q610726,Viqueque Municipality,Viqueque,Timor-Leste,30,false
http://www.wikidata.org/entity/Q861914,Tillabéri Region,Tillabéri,Niger,35,false
http://www.wikidata.org/entity/Q943932,Nord,Cap-Haïtien,Haiti,31,false
http://www.wikidata.org/entity/Q190718,Central Province,Kabwe,Zambia,45,false
http://www.wikidata.org/entity/Q123934,Muğla Province,Muğla,Turkey,86,false
http://www.wikidata.org/entity/Q233637,Blida Province,Blida,Algeria,58,false
http://www.wikidata.org/entity/Q502215,Northern Region,Tamale,Ghana,45,false
http://www.wikidata.org/entity/Q184618,County Tipperary,Clonmel,Ireland,64,false
http://www.wikidata.org/entity/Q207424,Ucayali Department,Pucallpa,Peru,53,false
http://www.wikidata.org/entity/Q31067,Ismailia Governorate,Ismailia,Egypt,56,false
http://www.wikidata.org/entity/Q503923,Rivers State,Port Harcourt,Nigeria,63,false
http://www.wikidata.org/entity/Q183544,County Meath,Navan,Ireland,70,false
http://www.wikidata.org/entity/Q97230143,Balvi Municipality,Balvi,Latvia,31,false
http://www.wikidata.org/entity/Q29135,Mono Department,Lokossa,Benin,46,false
http://www.wikidata.org/entity/Q1131523,Copperbelt Province,Ndola,Zambia,45,false
http://www.wikidata.org/entity/Q2012057,Montana,Montana,Bulgaria,69,false
http://www.wikidata.org/entity/Q170462,Sarawak,Kuching,Malaysia,104,false
http://www.wikidata.org/entity/Q60130,Veracruz,Xalapa,Mexico,106,false
http://www.wikidata.org/entity/Q57056,Krapina-Zagorje County,Krapina,Croatia,57,false
http://www.wikidata.org/entity/Q846323,Central Region,Cape Coast,Ghana,46,false
http://www.wikidata.org/entity/Q130626,Borno State,Maiduguri,Nigeria,69,false
http://www.wikidata.org/entity/Q188785,Central District,Ramla,Israel,66,false
http://www.wikidata.org/entity/Q26153,Zawiya District,Zawiya,Libya,37,false
http://www.wikidata.org/entity/Q216819,Namibe Province,Moçâmedes,Angola,57,false
http://www.wikidata.org/entity/Q488326,South Kivu,Bukavu,Democratic Republic of the Congo,58,false
http://www.wikidata.org/entity/Q234501,Tolima Department,Ibagué,Colombia,69,false
http://www.wikidata.org/entity/Q192866,Dibra County,Peshkopi,Albania,70,false
http://www.wikidata.org/entity/Q3738564,Tivat Municipality,Tivat,Montenegro,21,false
http://www.wikidata.org/entity/Q31068,Dakahlia Governorate,Mansoura,Egypt,54,false
http://www.wikidata.org/entity/Q845303,Guiriko,Bobo-Dioulasso,Burkina Faso,37,false
http://www.wikidata.org/entity/Q208183,Piura Department,Piura,Peru,52,false
http://www.wikidata.org/entity/Q1468596,Ad Dhahirah Governorate,Ibri,Oman,34,false
http://www.wikidata.org/entity/Q185371,Coast Province,Mombasa,Kenya,36,false
http://www.wikidata.org/entity/Q859567,Tiris Zemmour,Zouérat,Mauritania,31,false
http://www.wikidata.org/entity/Q2500688,Zubin Potok Municipality,Zubin Potok,Kosovo,11,false
http://www.wikidata.org/entity/Q269986,Lankaran District,Lankaran,Azerbaijan,51,false
http://www.wikidata.org/entity/Q234710,Orkhon Province,Erdenet,Mongolia,55,false
http://www.wikidata.org/entity/Q200667,Ladakh,Leh,India,101,false
http://www.wikidata.org/entity/Q26161,Nuqat al Khams District,Zuwara,Libya,41,false
http://www.wikidata.org/entity/Q183032,Johor,Johor Bahru,Malaysia,86,false
http://www.wikidata.org/entity/Q950841,Grand Gedeh County,Zwedru,Liberia,30,false
http://www.wikidata.org/entity/Q205104,Puno Department,Puno,Peru,54,false
http://www.wikidata.org/entity/Q140246,Gisborne District,Gisborne,New Zealand,45,false
http://www.wikidata.org/entity/Q1599,Nagaland,Kohima,India,131,false
http://www.wikidata.org/entity/Q330864,Shaki District,Shaki,Azerbaijan,50,false
http://www.wikidata.org/entity/Q230607,Caldas Department,Manizales,Colombia,66,false
http://www.wikidata.org/entity/Q18827,Darkhan-Uul Province,Darkhan,Mongolia,54,false
http://www.wikidata.org/entity/Q121233,Boyacá Department,Tunja,Colombia,73,false
http://www.wikidata.org/entity/Q1689560,Daraa Governorate,Daraa,Syria,57,false
http://www.wikidata.org/entity/Q30662,North Sinai Governorate,Arish,Egypt,57,false
http://www.wikidata.org/entity/Q232387,Deir ez-Zor Governorate,Deir ez-Zor,Syria,54,false
http://www.wikidata.org/entity/Q275740,Kanchanaburi,Kanchanaburi,Thailand,55,false
http://www.wikidata.org/entity/Q164819,Gagauzia,Comrat,Moldova,92,false
http://www.wikidata.org/entity/Q2384773,Andrijevica Municipality,Andrijevica,Montenegro,27,false
http://www.wikidata.org/entity/Q841338,Ouaddaï Region,Abéché,Chad,37,false
http://www.wikidata.org/entity/Q217331,Srem District,Sremska Mitrovica,Serbia,38,false
http://www.wikidata.org/entity/Q870155,Western Region,Sekondi-Takoradi,Ghana,41,false
http://www.wikidata.org/entity/Q458388,Morogoro Region,Morogoro,Tanzania,46,false
http://www.wikidata.org/entity/Q41151,South Gyeongsang,Changwon,South Korea,72,false
http://www.wikidata.org/entity/Q501696,Khulna Division,Khulna,Bangladesh,58,false
http://www.wikidata.org/entity/Q235166,Santander Department,Bucaramanga,Colombia,66,false
http://www.wikidata.org/entity/Q59202,Babylon Governorate,Hillah,Iraq,59,false
http://www.wikidata.org/entity/Q237164,Sétif Province,Sétif,Algeria,56,false
http://www.wikidata.org/entity/Q115497,Pinar del Río Province,Pinar del Río,Cuba,56,false
http://www.wikidata.org/entity/Q115302,Holguín Province,Holguin,Cuba,51,false
http://www.wikidata.org/entity/Q593872,Qabala District,Qabala,Azerbaijan,54,false
http://www.wikidata.org/entity/Q747943,Kigoma Region,Kigoma,Tanzania,50,false
http://www.wikidata.org/entity/Q853152,Eastern Province,Rwamagana,Rwanda,47,false
http://www.wikidata.org/entity/Q969317,Niari Department,Dolisie,Republic of the Congo,41,false
http://www.wikidata.org/entity/Q2043130,Kaçanik Municipality,Kaçanik,Kosovo,13,false
http://www.wikidata.org/entity/Q388318,Lahij Governorate,Lahij,Yemen,42,false
http://www.wikidata.org/entity/Q249252,Zangilan District,Zangilan,Azerbaijan,53,false
http://www.wikidata.org/entity/Q2451375,Olaine Municipality,Olaine,Latvia,28,false
http://www.wikidata.org/entity/Q715805,Upper West Region,Wa,Ghana,45,false
http://www.wikidata.org/entity/Q188166,Adrar Province,Adrar,Algeria,64,false
http://www.wikidata.org/entity/Q76593022,In Salah Province,In Salah,Algeria,17,false
http://www.wikidata.org/entity/Q66278313,Jammu and Kashmir,Jammu,India,75,false
http://www.wikidata.org/entity/Q141132,Klaipėda District Municipality,Gargždai,Lithuania,30,false
http://www.wikidata.org/entity/Q210061,Lambayeque Department,Chiclayo,Peru,51,false
http://www.wikidata.org/entity/Q753037,Chiquimula Department,Chiquimula,Guatemala,44,false
http://www.wikidata.org/entity/Q785896,Kratié Province,Kratié,Cambodia,40,false
http://www.wikidata.org/entity/Q482975,Karaman Province,Karaman,Turkey,77,false
http://www.wikidata.org/entity/Q860639,Oe-Cusse Ambeno,Pante Macassar,Timor-Leste,45,false
http://www.wikidata.org/entity/Q261165,Bolívar Province,Guaranda,Ecuador,49,false
http://www.wikidata.org/entity/Q58092,Virovitica-Podravina County,Virovitica,Croatia,56,false
http://www.wikidata.org/entity/Q269680,Astara District,Astara,Azerbaijan,52,false
http://www.wikidata.org/entity/Q1047895,Grand Bassa County,Buchanan,Liberia,32,false
http://www.wikidata.org/entity/Q32108,Plateau Department,Pobè,Benin,45,false
http://www.wikidata.org/entity/Q275755,Al Hudaydah Governorate,Al Hudaydah,Yemen,44,false
http://www.wikidata.org/entity/Q1185,Karnataka,Belgaum,India,152,false
http://www.wikidata.org/entity/Q130566,Maniema,Kindu,Democratic Republic of the Congo,51,false
http://www.wikidata.org/entity/Q375630,Muharraq Governorate,Al-Muharraq,Bahrain,36,false
http://www.wikidata.org/entity/Q877042,Lower Juba,Kismayo,Somalia,31,false
http://www.wikidata.org/entity/Q217075,Diyala Governorate,Baqubah,Iraq,55,false
http://www.wikidata.org/entity/Q1867,Taipei,Xinyi District,Taiwan,196,false
http://www.wikidata.org/entity/Q26927,Lakshadweep,Kavaratti,India,106,false
http://www.wikidata.org/entity/Q1159531,Lualaba Province,Kolwezi,Democratic Republic of the Congo,41,false
http://www.wikidata.org/entity/Q188953,Perak,Ipoh,Malaysia,78,false
http://www.wikidata.org/entity/Q328922,Kilimanjaro Region,Moshi,Tanzania,46,false
http://www.wikidata.org/entity/Q30835,Gharbia Governorate,Tanta,Egypt,54,false
http://www.wikidata.org/entity/Q1164,Assam,Dispur,India,152,false
http://www.wikidata.org/entity/Q134386,Kurdistan Province,Sanandaj,Iran,91,false
http://www.wikidata.org/entity/Q50627,Møre og Romsdal,Molde,Norway,85,false
http://www.wikidata.org/entity/Q179779,Bacău County,Bacău,Romania,71,false
http://www.wikidata.org/entity/Q2332060,Tuyên Quang,Minh Xuân,Vietnam,50,false
http://www.wikidata.org/entity/Q36676,Đồng Tháp,Mỹ Tho,Vietnam,48,false
http://www.wikidata.org/entity/Q50619,Vestfold,Tønsberg,Norway,79,false
http://www.wikidata.org/entity/Q3903,North Kalimantan,Tanjung Selor,Indonesia,70,false
http://www.wikidata.org/entity/Q837889,Stung Treng Province,Stung Treng,Cambodia,42,false
http://www.wikidata.org/entity/Q751864,Svay Rieng Province,Svay Rieng,Cambodia,42,false
http://www.wikidata.org/entity/Q2254,Telemark,Skien,Norway,79,false
http://www.wikidata.org/entity/Q12486766,Central Papua,Wanggar,Indonesia,41,false
http://www.wikidata.org/entity/Q820514,Colón Province,Colón City,Panama,47,false
http://www.wikidata.org/entity/Q39517,Pará,Belém,Brazil,121,false
http://www.wikidata.org/entity/Q1291077,Saint Mark Parish,Victoria,Grenada,29,false
http://www.wikidata.org/entity/Q273529,Castelo Branco,Castelo Branco,Portugal,48,false
http://www.wikidata.org/entity/Q27916,Zaghouan Governorate,Zaghouan,Tunisia,35,false
http://www.wikidata.org/entity/Q15884,Municipality of Kočevje,Kočevje,Slovenia,29,false
http://www.wikidata.org/entity/Q271529,Samut Prakan,Samut Prakan,Thailand,54,false
http://www.wikidata.org/entity/Q25104014,Lumbini Province,Deukhuri,Nepal,35,false
http://www.wikidata.org/entity/Q6430079,São Filipe,São Filipe,Cape Verde,21,false
http://www.wikidata.org/entity/Q852089,Kep Province,Krong Kep,Cambodia,39,false
http://www.wikidata.org/entity/Q773160,Municipality of Trzin,Trzin,Slovenia,18,false
http://www.wikidata.org/entity/Q502997,Hūaphan,Xam Neua,Laos,39,false
http://www.wikidata.org/entity/Q498452,North Caribbean Coast Autonomous Region,Bilwi,Nicaragua,46,false
http://www.wikidata.org/entity/Q50618,Buskerud,Drammen,Norway,86,false
http://www.wikidata.org/entity/Q15529552,Ranilug Municipality,Ranilug,Kosovo,10,false
http://www.wikidata.org/entity/Q1187200,Denigomodu District,Arijejen,Nauru,51,false
http://www.wikidata.org/entity/Q835980,Canton of Redange,Redange-sur-Attert,Luxembourg,37,false
http://www.wikidata.org/entity/Q220966,Sihanoukville Province,Sihanoukville,Cambodia,41,false
http://www.wikidata.org/entity/Q311272,Al Rayyan Municipality,Ar Rayyan,Qatar,45,false
http://www.wikidata.org/entity/Q1159,Andhra Pradesh,Amaravati,India,149,false
http://www.wikidata.org/entity/Q845600,Canton of Vianden,Vianden,Luxembourg,37,false
http://www.wikidata.org/entity/Q728155,Río San Juan Department,San Carlos (City),Nicaragua,50,false
http://www.wikidata.org/entity/Q281109,Estuaire Province,Akanda,Gabon,52,false
http://www.wikidata.org/entity/Q3934,Asturias,Oviedo City,Spain,144,false
http://www.wikidata.org/entity/Q38981,Vorarlberg,Bregenz,Austria,120,false
http://www.wikidata.org/entity/Q5831,Melilla,Melilla,Spain,176,false
http://www.wikidata.org/entity/Q5772,Region of Murcia,Murcia City,Spain,124,false
http://www.wikidata.org/entity/Q61439296,South Papua,Salor Indah,Indonesia,41,false
http://www.wikidata.org/entity/Q588927,Maracha District,Maracha Town,Uganda,13,false
http://www.wikidata.org/entity/Q3712127,Wa Self-Administered Division,Matman,Myanmar,20,false
http://www.wikidata.org/entity/Q112810104,Highland Papua,Welesi,Indonesia,41,false
http://www.wikidata.org/entity/Q2729021,Agder,Kristiansand,Norway,50,false
http://www.wikidata.org/entity/Q50624,Rogaland,Stavanger,Norway,88,false
http://www.wikidata.org/entity/Q334841,Nakhon Pathom,Thanon Khat,Thailand,51,false
http://www.wikidata.org/entity/Q59150,Limassol District,Limassol Municipality,Cyprus,55,false
http://www.wikidata.org/entity/Q728127,Rivas Department,Rivas,Nicaragua,46,false
http://www.wikidata.org/entity/Q728022,Nueva Segovia Department,Ocotal,Nicaragua,46,false
http://www.wikidata.org/entity/Q728056,Madriz Department,Somoto,Nicaragua,46,false
http://www.wikidata.org/entity/Q5727,La Rioja,Logroño,Spain,122,false
http://www.wikidata.org/entity/Q2166,Maule Región,Talca,Chile,69,false
http://www.wikidata.org/entity/Q322792,Porto,Porto,Portugal,54,false
http://www.wikidata.org/entity/Q49657,Schaan,Schaan,Liechtenstein,80,false
http://www.wikidata.org/entity/Q50631,Troms,Tromsø,Norway,89,false
http://www.wikidata.org/entity/Q855327,Kouilou Department,"Loango, Republic of Congo",Republic of the Congo,39,false
http://www.wikidata.org/entity/Q328735,Anabar District,Anabar,Nauru,41,false
http://www.wikidata.org/entity/Q373528,Bragança,Bragança,Portugal,49,false
http://www.wikidata.org/entity/Q273533,Guarda,Guarda,Portugal,52,false
http://www.wikidata.org/entity/Q326214,Viana do Castelo,Viana do Castelo,Portugal,52,false
http://www.wikidata.org/entity/Q379372,Vila Real,Vila Real,Portugal,48,false
http://www.wikidata.org/entity/Q273525,Viseu,Viseu,Portugal,53,false
http://www.wikidata.org/entity/Q16644,Northern Mariana Islands,Saipan,United States,163,false
http://www.wikidata.org/entity/Q59147,Nicosia District,Nicosia Municipality,Cyprus,51,false
http://www.wikidata.org/entity/Q59133,Paphos District,Paphos Municipality,Cyprus,53,false
http://www.wikidata.org/entity/Q59148,Famagusta District,Famagusta Municipality,Cyprus,51,false
http://www.wikidata.org/entity/Q59146,Kyrenia District,Kyrenia Municipality,Cyprus,47,false
http://www.wikidata.org/entity/Q5094,North Maluku,Sofifi,Indonesia,69,false
http://www.wikidata.org/entity/Q25101090,Ruweng Administrative Area,Pariang,South Sudan,13,false
http://www.wikidata.org/entity/Q60769700,Kikuube District,Kikuube,Uganda,10,false
http://www.wikidata.org/entity/Q134457232,Djoué-Léfini Department,Odziba,Republic of the Congo,2,false
http://www.wikidata.org/entity/Q291279,South Caribbean Coast Autonomous Region,Bluefields,Nicaragua,45,false
http://www.wikidata.org/entity/Q399899,Ahal Region,Arkadag,Turkmenistan,67,false
http://www.wikidata.org/entity/Q728120,Jinotega Department,Jinotega,Nicaragua,47,false
http://www.wikidata.org/entity/Q280973,Boaco Department,Boaco,Nicaragua,46,false
http://www.wikidata.org/entity/Q498443,Chontales Department,Juigalpa,Nicaragua,46,false
http://www.wikidata.org/entity/Q586818,León Department,León,Nicaragua,49,false
http://www.wikidata.org/entity/Q36399,Huế,Thuận Hóa,Vietnam,98,false
http://www.wikidata.org/entity/Q36900,Ninh Bình,Hoa Lư,Vietnam,51,false
http://www.wikidata.org/entity/Q76592938,Bordj Baji Mokhtar Province,Bordj Badji Mokhtar,Algeria,16,false
http://www.wikidata.org/entity/Q21606903,Timimoun Province,Timimoun,Algeria,16,false
http://www.wikidata.org/entity/Q210527,Aveiro,Aveiro,Portugal,53,false
http://www.wikidata.org/entity/Q36608,Tây Ninh,Long An,Vietnam,48,false
http://www.wikidata.org/entity/Q1854,Ho Chi Minh City,Saigon,Vietnam,257,false
http://www.wikidata.org/entity/Q36446,Lào Cai,Yên Bái,Vietnam,49,false
http://www.wikidata.org/entity/Q36865,Cao Bằng,Thục Phán (ward),Vietnam,51,false
http://www.wikidata.org/entity/Q5075,Southeast Sulawesi,Bau-Bau,Indonesia,72,false
http://www.wikidata.org/entity/Q258405,Granada Department,Granada (City),Nicaragua,45,false
http://www.wikidata.org/entity/Q644024,Chinandega Department,Chinandega (city),Nicaragua,46,false
http://www.wikidata.org/entity/Q728015,Estelí Department,Estelí,Nicaragua,46,false
http://www.wikidata.org/entity/Q461133,Carazo Department,Jinotepe (City),Nicaragua,47,false
http://www.wikidata.org/entity/Q58081,Lika-Senj County,Gospić,Croatia,59,false
http://www.wikidata.org/entity/Q293722,Central Province,Tulagi,Solomon Islands,33,false
http://www.wikidata.org/entity/Q33396,Quảng Ninh,Hạ Long,Vietnam,53,false
http://www.wikidata.org/entity/Q54188,West Pomeranian Voivodeship,Szczecin,Poland,107,false
http://www.wikidata.org/entity/Q534799,Istanbul Province,Istanbul,Turkey,87,false
http://www.wikidata.org/entity/Q187874,Plovdiv,Plovdiv,Bulgaria,74,false
http://www.wikidata.org/entity/Q18338206,Auvergne-Rhône-Alpes,Lyon,France,120,false
http://www.wikidata.org/entity/Q1210,Lombardy,Milan,Italy,161,false
http://www.wikidata.org/entity/Q1216,Piedmont,Turin,Italy,156,false
http://www.wikidata.org/entity/Q1250,Friuli Venezia Giulia,Trieste,Italy,133,false
http://www.wikidata.org/entity/Q54158,Łódź Voivodeship,Łódź,Poland,104,false
http://www.wikidata.org/entity/Q860630,Manatuto Municipality,Manatuto,Timor-Leste,30,false
http://www.wikidata.org/entity/Q429149,Djôrô,Gaoua,Burkina Faso,35,false
http://www.wikidata.org/entity/Q738081,Kolda,Kolda,Senegal,40,false
http://www.wikidata.org/entity/Q244691,Nakhon Si Thammarat,Nakhon Si Thammarat,Thailand,54,false
http://www.wikidata.org/entity/Q239844,Nakhon Sawan,Nakhon Sawan,Thailand,51,false
http://www.wikidata.org/entity/Q236802,Ranong,Ranong,Thailand,54,false
http://www.wikidata.org/entity/Q240495,Lampang,Lampang,Thailand,53,false
http://www.wikidata.org/entity/Q382144,Kalasin,Kalasin,Thailand,50,false
http://www.wikidata.org/entity/Q382125,Sakon Nakhon,Sakon Nakhon,Thailand,50,false
http://www.wikidata.org/entity/Q817342,Mafeteng District,Mafeteng,Lesotho,37,false
http://www.wikidata.org/entity/Q817340,Mokhotlong District,Mokhotlong,Lesotho,34,false
http://www.wikidata.org/entity/Q3125978,Bali,Singaraja,Indonesia,86,false
http://www.wikidata.org/entity/Q212540,Sonsonate Department,Sonsonate,El Salvador,40,false
http://www.wikidata.org/entity/Q243805,Trang,Trang,Thailand,54,false
http://www.wikidata.org/entity/Q244698,Nan,Nan,Thailand,52,false
http://www.wikidata.org/entity/Q2128868,Călărași District,Călărași,Moldova,32,false
http://www.wikidata.org/entity/Q77101547,Djanet Province,Djanet,Algeria,17,false
http://www.wikidata.org/entity/Q549522,Morona-Santiago Province,Macas,Ecuador,46,false
http://www.wikidata.org/entity/Q499475,Orellana Province,Coca,Ecuador,47,false
http://www.wikidata.org/entity/Q2370973,Demir Kapija Municipality,Demir Kapija,North Macedonia,33,false
http://www.wikidata.org/entity/Q335221,Rayong,Rayong,Thailand,52,false
http://www.wikidata.org/entity/Q1123208,Santo Domingo de los Tsáchilas Province,Santo Domingo,Ecuador,43,false
http://www.wikidata.org/entity/Q206519,Lira District,Lira,Uganda,22,false
http://www.wikidata.org/entity/Q581822,Mbale District,Mbale City,Uganda,19,false
http://www.wikidata.org/entity/Q872212,Gabú Region,Gabu,Guinea-Bissau,35,false
http://www.wikidata.org/entity/Q327730,Chanthaburi,Chanthaburi,Thailand,54,false
http://www.wikidata.org/entity/Q15728745,Socotra Archipelago Governorate,Hadibu,Yemen,25,false
http://www.wikidata.org/entity/Q885656,Santa Rosa Department,Cuilapa,Guatemala,43,false
http://www.wikidata.org/entity/Q125232,Nippes,Miragoâne,Haiti,31,false
http://www.wikidata.org/entity/Q686554,Lautém Municipality,Lospalos,Timor-Leste,31,false
http://www.wikidata.org/entity/Q849801,Southern Highlands Province,Mendi,Papua New Guinea,37,false
http://www.wikidata.org/entity/Q282471,Bakool,Hudur,Somalia,36,false
http://www.wikidata.org/entity/Q856719,Gedo,Garbahaareey,Somalia,37,false
http://www.wikidata.org/entity/Q753689,Sandaun Province,Vanimo,Papua New Guinea,43,false
http://www.wikidata.org/entity/Q838690,New Ireland Province,Kavieng,Papua New Guinea,38,false
http://www.wikidata.org/entity/Q849807,Western Highlands Province,Mount Hagen,Papua New Guinea,35,false
http://www.wikidata.org/entity/Q753702,East New Britain Province,Kokopo,Papua New Guinea,39,false
http://www.wikidata.org/entity/Q753686,Oro Province,Popondetta,Papua New Guinea,39,false
http://www.wikidata.org/entity/Q16582,Rocha Department,Rocha,Uruguay,55,false
http://www.wikidata.org/entity/Q874935,Manus Province,Lorengau,Papua New Guinea,39,false
http://www.wikidata.org/entity/Q643989,Oghuz District,Oghuz,Azerbaijan,49,false
http://www.wikidata.org/entity/Q330796,Qakh District,Qakh,Azerbaijan,51,false
http://www.wikidata.org/entity/Q457485,Salyan District,Salyan,Azerbaijan,47,false
http://www.wikidata.org/entity/Q820940,Siyazan District,Siyazan,Azerbaijan,47,false
http://www.wikidata.org/entity/Q644048,Gubadly District,Gubadly,Azerbaijan,52,false
http://www.wikidata.org/entity/Q506598,Yasothon,Yasothon,Thailand,46,false
http://www.wikidata.org/entity/Q625463,Roi Et,Roi Et,Thailand,46,false
http://www.wikidata.org/entity/Q335119,Mukdahan,Mukdahan,Thailand,48,false
http://www.wikidata.org/entity/Q652845,Kayah State,Loikaw,Myanmar,59,false
http://www.wikidata.org/entity/Q1122748,Usulután Department,Usulután,El Salvador,39,false
http://www.wikidata.org/entity/Q6398826,Khachmaz District,Xaçmaz,Azerbaijan,46,false
http://www.wikidata.org/entity/Q843954,Tanintharyi Region,Dawei,Myanmar,51,false
http://www.wikidata.org/entity/Q847289,Sagaing Region,Sagaing,Myanmar,52,false
http://www.wikidata.org/entity/Q919017,Guna Yala,El Porvenir,Panama,40,false
http://www.wikidata.org/entity/Q506641,Khammouane Province,Thakhèk,Laos,39,false
http://www.wikidata.org/entity/Q668171,Ermera Municipality,Gleno,Timor-Leste,31,false
http://www.wikidata.org/entity/Q1368802,Essequibo Islands-West Demerara,Vreed en Hoop,Guyana,29,false
http://www.wikidata.org/entity/Q27728,Debub Region,Mendefera,Eritrea,39,false
http://www.wikidata.org/entity/Q870138,Maryland County,Harper,Liberia,33,false
http://www.wikidata.org/entity/Q728938,Trongsa District,Trongsa,Bhutan,42,false
http://www.wikidata.org/entity/Q465853,Mashonaland East Province,Marondera,Zimbabwe,45,false
http://www.wikidata.org/entity/Q1323353,La Altagracia Province,Higüey,Dominican Republic,34,false
http://www.wikidata.org/entity/Q2403514,Bolikhamsai Province,Pakxan,Laos,42,false
http://www.wikidata.org/entity/Q860913,Bobonaro Municipality,Maliana,Timor-Leste,30,false
http://www.wikidata.org/entity/Q868515,Labé Region,Labé,Guinea,35,false
http://www.wikidata.org/entity/Q1454035,Potaro-Siparuni,Mahdia,Guyana,30,false
http://www.wikidata.org/entity/Q202068,Trujillo,Trujillo,Venezuela,62,false
http://www.wikidata.org/entity/Q372795,Jalilabad District,Jalilabad,Azerbaijan,55,false
http://www.wikidata.org/entity/Q183015,Samangan Province,Aybak,Afghanistan,74,false
http://www.wikidata.org/entity/Q1476302,Saint Joseph Parish,Saint Joseph,Dominica,27,false
http://www.wikidata.org/entity/Q860303,Viti Municipality,Viti,Kosovo,12,false
http://www.wikidata.org/entity/Q611656,Rîșcani District,Rîșcani,Moldova,31,false
http://www.wikidata.org/entity/Q1043644,Sinoe County,Greenville,Liberia,32,false
http://www.wikidata.org/entity/Q853991,Oio Region,Farim,Guinea-Bissau,34,false
http://www.wikidata.org/entity/Q795441,Jalapa Department,Jalapa,Guatemala,42,false
http://www.wikidata.org/entity/Q765984,Jutiapa Department,Jutiapa,Guatemala,42,false
http://www.wikidata.org/entity/Q888307,Retalhuleu Department,Retalhuleu,Guatemala,43,false
http://www.wikidata.org/entity/Q504647,Baja Verapaz Department,Salamá,Guatemala,48,false
http://www.wikidata.org/entity/Q167485,Nuristan Province,Parun,Afghanistan,80,false
http://www.wikidata.org/entity/Q682691,Jigawa State,Dutse,Nigeria,61,false
http://www.wikidata.org/entity/Q498073,North Pemba Region,Wete,Tanzania,40,false
http://www.wikidata.org/entity/Q682777,Yobe State,Damaturu,Nigeria,60,false
http://www.wikidata.org/entity/Q463959,Taraba State,Jalingo,Nigeria,60,false
http://www.wikidata.org/entity/Q836645,Nasarawa State,Lafia,Nigeria,61,false
http://www.wikidata.org/entity/Q549386,Hermanas Mirabal Province,Salcedo,Dominican Republic,34,false
http://www.wikidata.org/entity/Q883734,Suchitepéquez Department,Mazatenango,Guatemala,42,false
http://www.wikidata.org/entity/Q883907,San Marcos Department,San Marcos,Guatemala,42,false
http://www.wikidata.org/entity/Q834513,Kunene Region,Opuwo,Namibia,50,false
http://www.wikidata.org/entity/Q815913,Lagos State,Ikeja,Nigeria,68,false
http://www.wikidata.org/entity/Q238752,Barbuda,Codrington,Antigua and Barbuda,77,false
http://www.wikidata.org/entity/Q870130,Lofa County,Voinjama,Liberia,36,false
http://www.wikidata.org/entity/Q1047921,Grand Cape Mount County,Robertsport,Liberia,34,false
http://www.wikidata.org/entity/Q844127,Bomi County,Tubmanburg,Liberia,39,false
http://www.wikidata.org/entity/Q4102091,Vava‘u,Neiafu,Tonga,6,false
http://www.wikidata.org/entity/Q848578,Haut-Mbomou Prefecture,Obo,Central African Republic,41,false
http://www.wikidata.org/entity/Q810484,Basse-Kotto Prefecture,Mobaye,Central African Republic,42,false
http://www.wikidata.org/entity/Q236781,Pattani,Pattani,Thailand,54,false
http://www.wikidata.org/entity/Q241884,Trat,Trat,Thailand,52,false
http://www.wikidata.org/entity/Q127255,Yardimli District,Yardımlı,Azerbaijan,49,false
http://www.wikidata.org/entity/Q388980,Tovuz District,Tovuz,Azerbaijan,47,false
http://www.wikidata.org/entity/Q54181,Silesian Voivodeship,Katowice,Poland,107,false
http://www.wikidata.org/entity/Q54175,Podkarpackie Voivodeship,Rzeszów,Poland,102,false
http://www.wikidata.org/entity/Q613,Emirate of Dubai,Dubai,United Arab Emirates,102,false
http://www.wikidata.org/entity/Q1243,Veneto,Venice,Italy,153,false
http://www.wikidata.org/entity/Q12130,Brittany,Rennes,France,111,false
http://www.wikidata.org/entity/Q18677767,Hauts-de-France,Lille,France,105,false
http://www.wikidata.org/entity/Q54177,Podlaskie Voivodeship,Białystok,Poland,103,false
http://www.wikidata.org/entity/Q12771,Canton of Vaud,Lausanne,Switzerland,105,false
http://www.wikidata.org/entity/Q6543,Khakassia,Abakan,Russia,130,false
http://www.wikidata.org/entity/Q5851,Novosibirsk Oblast,Novosibirsk,Russia,121,false
http://www.wikidata.org/entity/Q5462,Sverdlovsk Oblast,Yekaterinburg,Russia,125,false
http://www.wikidata.org/entity/Q2246,Nizhny Novgorod Oblast,Nizhny Novgorod,Russia,124,false
http://www.wikidata.org/entity/Q1727,Samara Oblast,Samara,Russia,123,false
http://www.wikidata.org/entity/Q5835,Omsk Oblast,Omsk,Russia,122,false
http://www.wikidata.org/entity/Q5481,Tatarstan,Kazan,Russia,165,false
http://www.wikidata.org/entity/Q5714,Chelyabinsk Oblast,Chelyabinsk,Russia,121,false
http://www.wikidata.org/entity/Q5710,Bashkortostan,Ufa,Russia,158,false
http://www.wikidata.org/entity/Q3573,Rostov Oblast,Rostov-on-Don,Russia,131,false
http://www.wikidata.org/entity/Q3819,Volgograd Oblast,Volgograd,Russia,127,false
http://www.wikidata.org/entity/Q5400,Perm Krai,Perm,Russia,123,false
http://www.wikidata.org/entity/Q6563,Krasnoyarsk Krai,Krasnoyarsk,Russia,124,false
http://www.wikidata.org/entity/Q4341,Primorsky Krai,Vladivostok,Russia,125,false
http://www.wikidata.org/entity/Q5884,Tomsk Oblast,Tomsk,Russia,116,false
http://www.wikidata.org/entity/Q3435104,Maribor City Municipality,Maribor,Slovenia,30,false
http://www.wikidata.org/entity/Q556203,City Municipality of Koper,Koper,Slovenia,29,false
http://www.wikidata.org/entity/Q3441823,City Municipality of Celje,Celje,Slovenia,28,false
http://www.wikidata.org/entity/Q985,Baden-Württemberg,Stuttgart,Germany,183,false
http://www.wikidata.org/entity/Q3441893,City Municipality of Kranj,Kranj,Slovenia,25,false
http://www.wikidata.org/entity/Q1191,Maharashtra,Mumbai,India,158,false
http://www.wikidata.org/entity/Q1356,West Bengal,Kolkata,India,155,false
http://www.wikidata.org/entity/Q1185,Karnataka,Bengaluru,India,152,false
http://www.wikidata.org/entity/Q1445,Tamil Nadu,Chennai,India,158,false
http://www.wikidata.org/entity/Q677037,Telangana,Hyderabad,India,127,false
http://www.wikidata.org/entity/Q1256,Liguria,Genoa,Italy,143,false
http://www.wikidata.org/entity/Q13669,Central Visayas,Cebu City,Philippines,52,false
http://www.wikidata.org/entity/Q13694,Davao Region,Davao City,Philippines,50,false
http://www.wikidata.org/entity/Q18678082,Nouvelle-Aquitaine,Bordeaux,France,109,false
http://www.wikidata.org/entity/Q5705,Catalonia,Barcelona,Spain,218,false
http://www.wikidata.org/entity/Q1191,Maharashtra,Nagpur,India,158,false
http://www.wikidata.org/entity/Q58159,Osijek-Baranja County,Osijek,Croatia,57,false
http://www.wikidata.org/entity/Q58071,Primorje-Gorski Kotar County,Rijeka,Croatia,64,false
http://www.wikidata.org/entity/Q13690,Northern Mindanao,Cagayan de Oro,Philippines,48,false
http://www.wikidata.org/entity/Q58253,Split-Dalmatia County,Split,Croatia,66,false
http://www.wikidata.org/entity/Q13704,Caraga,Butuan,Philippines,50,false
http://www.wikidata.org/entity/Q13662,Bicol Region,Legazpi,Philippines,53,false
http://www.wikidata.org/entity/Q1194,Schleswig-Holstein,Kiel,Germany,166,false
http://www.wikidata.org/entity/Q1208,Brandenburg,Potsdam,Germany,174,false
http://www.wikidata.org/entity/Q1196,Mecklenburg-Vorpommern,Schwerin,Germany,166,false
http://www.wikidata.org/entity/Q1197,Lower Saxony,Hanover,Germany,167,false
http://www.wikidata.org/entity/Q1198,North Rhine-Westphalia,Düsseldorf,Germany,184,false
http://www.wikidata.org/entity/Q58289,Dubrovnik-Neretva County,Dubrovnik,Croatia,64,false
http://www.wikidata.org/entity/Q1200,Rhineland-Palatinate,Mainz,Germany,169,false
http://www.wikidata.org/entity/Q1199,Hesse,Wiesbaden,Germany,182,false
http://www.wikidata.org/entity/Q980,Bavaria,Munich,Germany,206,false
http://www.wikidata.org/entity/Q1201,Saarland,Saarbrücken,Germany,168,false
http://www.wikidata.org/entity/Q1202,Saxony,Dresden,Germany,179,false
http://www.wikidata.org/entity/Q1205,Thuringia,Erfurt,Germany,169,false
http://www.wikidata.org/entity/Q42880,Tyrol,Innsbruck,Austria,120,false
http://www.wikidata.org/entity/Q1206,Saxony-Anhalt,Magdeburg,Germany,162,false
http://www.wikidata.org/entity/Q1759,Murmansk Oblast,Murmansk,Russia,128,false
http://www.wikidata.org/entity/Q54180,Pomeranian Voivodeship,Gdańsk,Poland,105,false
http://www.wikidata.org/entity/Q54150,Lower Silesian Voivodeship,Wrocław,Poland,103,false
http://www.wikidata.org/entity/Q1749,Kaliningrad Oblast,Kaliningrad,Russia,148,false
http://www.wikidata.org/entity/Q1875,Arkhangelsk Oblast,Arkhangelsk,Russia,127,false
http://www.wikidata.org/entity/Q171852,Odesa Oblast,Odesa,Ukraine,105,false
http://www.wikidata.org/entity/Q2170,Biobío Region,Concepción,Chile,98,false
http://www.wikidata.org/entity/Q1263,Emilia-Romagna,Bologna,Italy,148,false
http://www.wikidata.org/entity/Q1914,Karelia,Petrozavodsk,Russia,142,false
http://www.wikidata.org/entity/Q1462,Sardinia,Cagliari,Italy,188,false
http://www.wikidata.org/entity/Q2015,Vologda Oblast,Vologda,Russia,126,false
http://www.wikidata.org/entity/Q557539,Dar es Salaam Region,Dar es Salaam,Tanzania,41,false
http://www.wikidata.org/entity/Q2023,Nunavut,Iqaluit,Canada,150,false
http://www.wikidata.org/entity/Q1273,Tuscany,Florence,Italy,165,false
http://www.wikidata.org/entity/Q2009,Yukon,Whitehorse,Canada,143,false
http://www.wikidata.org/entity/Q2007,Northwest Territories,Yellowknife,Canada,138,false
http://www.wikidata.org/entity/Q2003,Newfoundland and Labrador,St. John's,Canada,148,false
http://www.wikidata.org/entity/Q1951,Alberta,Edmonton,Canada,169,false
http://www.wikidata.org/entity/Q1989,Saskatchewan,Regina,Canada,154,false
http://www.wikidata.org/entity/Q1978,Prince Edward Island,Charlottetown,Canada,139,false
http://www.wikidata.org/entity/Q1948,Manitoba,Winnipeg,Canada,156,false
http://www.wikidata.org/entity/Q1973,British Columbia,Victoria,Canada,176,false
http://www.wikidata.org/entity/Q2073,Komi Republic,Syktyvkar,Russia,140,false
http://www.wikidata.org/entity/Q1952,Nova Scotia,Halifax,Canada,156,false
http://www.wikidata.org/entity/Q176,Quebec,Quebec City,Canada,202,false
http://www.wikidata.org/entity/Q2164,Nenets Autonomous District,Naryan-Mar,Russia,114,false
http://www.wikidata.org/entity/Q2109,Arica y Parinacota Region,Arica,Chile,70,false
http://www.wikidata.org/entity/Q13615,Cagayan Valley,Tuguegarao,Philippines,52,false
http://www.wikidata.org/entity/Q103659,Skåne County,Malmö,Sweden,85,false
http://www.wikidata.org/entity/Q2218,Pskov Oblast,Pskov,Russia,123,false
http://www.wikidata.org/entity/Q2240,Novgorod Oblast,Veliky Novgorod,Russia,120,false
http://www.wikidata.org/entity/Q2292,Tver Oblast,Tver,Russia,122,false
http://www.wikidata.org/entity/Q2347,Smolensk Oblast,Smolensk,Russia,125,false
http://www.wikidata.org/entity/Q2448,Yaroslavl Oblast,Yaroslavl,Russia,123,false
http://www.wikidata.org/entity/Q2596,Kostroma Oblast,Kostroma,Russia,123,false
http://www.wikidata.org/entity/Q2654,Ivanovo Oblast,Ivanovo,Russia,122,false
http://www.wikidata.org/entity/Q1438,Campania,Naples,Italy,144,false
http://www.wikidata.org/entity/Q1460,Sicily,Palermo,Italy,195,false
http://www.wikidata.org/entity/Q188732,Gomel Region,Gomel,Belarus,80,false
http://www.wikidata.org/entity/Q2702,Vladimir Oblast,Vladimir,Russia,128,false
http://www.wikidata.org/entity/Q2753,Ryazan Oblast,Ryazan,Russia,124,false
http://www.wikidata.org/entity/Q115438,Matanzas Province,Matanzas,Cuba,56,false
http://www.wikidata.org/entity/Q207413,Tacna Department,Tacna,Peru,51,false
http://www.wikidata.org/entity/Q58111,Požega-Slavonia County,Požega,Croatia,55,false
http://www.wikidata.org/entity/Q178872,Saint-Louis,Saint-Louis,Senegal,37,false
http://www.wikidata.org/entity/Q767244,Cortés Department,San Pedro Sula,Honduras,46,false
http://www.wikidata.org/entity/Q3741507,Danilovgrad Municipality,Danilovgrad,Montenegro,23,false
http://www.wikidata.org/entity/Q27910,Northern Red Sea Region,Massawa,Eritrea,41,false
http://www.wikidata.org/entity/Q948228,Tubas Governorate,Tubas,Palestine,33,false
http://www.wikidata.org/entity/Q331117,Manyara Region,Babati,Tanzania,46,false
http://www.wikidata.org/entity/Q854871,Mafraq Governorate,Mafraq,Jordan,38,false
http://www.wikidata.org/entity/Q233645,Tizi Ouzou Province,Tizi-Ouzou,Algeria,55,false
http://www.wikidata.org/entity/Q6373961,Kasai Province,Tshikapa,Democratic Republic of the Congo,41,false
http://www.wikidata.org/entity/Q739651,Chiriquí Province,David,Panama,48,false
http://www.wikidata.org/entity/Q738061,Louga,Nguer Malal,Senegal,38,false
http://www.wikidata.org/entity/Q131522025,Koutiala Region,Koutiala,Mali,6,false
http://www.wikidata.org/entity/Q235563,Raqqa Governorate,Raqqa,Syria,57,false
http://www.wikidata.org/entity/Q753917,Canton of Mersch,Mersch,Luxembourg,39,false
http://www.wikidata.org/entity/Q211793,San Martin Department,Moyobamba,Peru,57,false
http://www.wikidata.org/entity/Q2089777,Elektrėnai Municipality,Elektrėnai,Lithuania,27,false
http://www.wikidata.org/entity/Q755116,Guairá Department,Villarrica,Paraguay,49,false
http://www.wikidata.org/entity/Q188810,Emirate of Sharjah,Sharjah,United Arab Emirates,80,false
http://www.wikidata.org/entity/Q3393445,Alūksne Municipality,Alūksne,Latvia,32,false
http://www.wikidata.org/entity/Q191792,Bayan-Ölgii Province,Ölgii,Mongolia,60,false
http://www.wikidata.org/entity/Q239040,Khentii Province,Chinggis City,Mongolia,51,false
http://www.wikidata.org/entity/Q38585,Western Province,Kakamega,Kenya,35,false
http://www.wikidata.org/entity/Q506808,Ebonyi State,Abakaliki,Nigeria,58,false
http://www.wikidata.org/entity/Q580069,Pirot District,Pirot,Serbia,36,false
http://www.wikidata.org/entity/Q173830,Faryab Province,Maymana,Afghanistan,74,false
http://www.wikidata.org/entity/Q948026,Khan Yunis Governorate,Khan Yunis,Palestine,33,false
http://www.wikidata.org/entity/Q728041,North Banat District,Kikinda,Serbia,37,false
http://www.wikidata.org/entity/Q864093,North Kordofan,El-Obeid,Sudan,40,false
http://www.wikidata.org/entity/Q30675,Minya Governorate,Minya,Egypt,52,false
http://www.wikidata.org/entity/Q209778,Murqub,Al Khums,Libya,38,false
http://www.wikidata.org/entity/Q388280,Al Mahwit Governorate,Al Mahwit,Yemen,40,false
http://www.wikidata.org/entity/Q275752,Al Mahrah Governorate,Al Ghaydah,Yemen,43,false
http://www.wikidata.org/entity/Q241135,Hadhramaut Governorate,Mukalla,Yemen,44,false
http://www.wikidata.org/entity/Q236797,Suwayda Governorate,Suwayda,Syria,53,false
http://www.wikidata.org/entity/Q309478,Al Qadarif,Al Qadarif,Sudan,39,false
http://www.wikidata.org/entity/Q688306,North Darfur,Al-Fashir,Sudan,44,false
http://www.wikidata.org/entity/Q309489,Blue Nile State,Ad-Damazin,Sudan,47,false
http://www.wikidata.org/entity/Q846331,West Darfur,Geneina,Sudan,42,false
http://www.wikidata.org/entity/Q849297,River Nile,Ad-Damir,Sudan,42,false
http://www.wikidata.org/entity/Q233914,Hasakah Governorate,Hasakah,Syria,57,false
http://www.wikidata.org/entity/Q1156471,Al Khor,Al Khor,Qatar,34,false
http://www.wikidata.org/entity/Q607499,Southwest,Buea,Cameroon,47,false
http://www.wikidata.org/entity/Q329060,Jafara,‘Aziziya,Libya,38,false
http://www.wikidata.org/entity/Q458402,Biskra Province,Biskra,Algeria,57,false
http://www.wikidata.org/entity/Q19038,Guria,Ozurgeti,Georgia,69,false
http://www.wikidata.org/entity/Q180075,North Khorasan Province,Bojnord,Iran,83,false
http://www.wikidata.org/entity/Q207795,Dornod Province,Choibalsan,Mongolia,55,false
http://www.wikidata.org/entity/Q466526,Gaza Province,Xai-Xai,Mozambique,47,false
http://www.wikidata.org/entity/Q622803,Zambezia Province,Quelimane,Mozambique,44,false
http://www.wikidata.org/entity/Q46107,Dadra and Nagar Haveli district,Silvassa,India,96,false
http://www.wikidata.org/entity/Q1755961,Radviliškis District Municipality,Radviliškis,Lithuania,26,false
http://www.wikidata.org/entity/Q876308,Southern Province,Galle,Sri Lanka,41,false
http://www.wikidata.org/entity/Q205824,Sucre,Cumaná,Venezuela,62,false
http://www.wikidata.org/entity/Q917992,Kasai-Oriental,Mbuji-Mayi,Democratic Republic of the Congo,36,false
http://www.wikidata.org/entity/Q230217,Nariño Department,Pasto,Colombia,72,false
http://www.wikidata.org/entity/Q389944,Agadez Region,Agadez,Niger,41,false
http://www.wikidata.org/entity/Q682704,Edo State,Benin City,Nigeria,64,false
http://www.wikidata.org/entity/Q203873,Litoral,Bata,Equatorial Guinea,33,false
http://www.wikidata.org/entity/Q503928,Plateau State,Jos,Nigeria,61,false
http://www.wikidata.org/entity/Q184445,County Offaly,Tullamore,Ireland,65,false
http://www.wikidata.org/entity/Q379382,Rajshahi Division,Rajshahi,Bangladesh,58,false
http://www.wikidata.org/entity/Q194483,Brčko District,Brčko,Bosnia and Herzegovina,61,false
http://www.wikidata.org/entity/Q1945263,Valka Municipality,Valka,Latvia,32,false
http://www.wikidata.org/entity/Q622794,Nampula Province,Nampula,Mozambique,44,false
http://www.wikidata.org/entity/Q1046126,Eastern Province,Trincomalee,Sri Lanka,41,false
http://www.wikidata.org/entity/Q332113,Kayes Region,Kayes,Mali,46,false
http://www.wikidata.org/entity/Q189747,Wasit Governorate,Kut,Iraq,56,false
http://www.wikidata.org/entity/Q30630,Beheira Governorate,Damanhur,Egypt,59,false
http://www.wikidata.org/entity/Q30946,Kafr el-Sheikh Governorate,Kafr el-Sheikh,Egypt,51,false
http://www.wikidata.org/entity/Q231151,Tindouf Province,Tindouf,Algeria,58,false
http://www.wikidata.org/entity/Q13995,Quindío Department,Armenia,Colombia,67,false
http://www.wikidata.org/entity/Q729170,Bari,Bosaso,Somalia,34,false
http://www.wikidata.org/entity/Q80007,Tamaulipas,Ciudad Victoria,Mexico,101,false
http://www.wikidata.org/entity/Q200127,Tigray Region,Mekele,Ethiopia,67,false
http://www.wikidata.org/entity/Q305257,Logone Occidental Region,Moundou,Chad,34,false
http://www.wikidata.org/entity/Q656845,Ségou Region,Ségou,Mali,43,false
http://www.wikidata.org/entity/Q190687,Aragua,Maracay,Venezuela,68,false
http://www.wikidata.org/entity/Q844502,Quetzaltenango Department,Quetzaltenango,Guatemala,44,false
http://www.wikidata.org/entity/Q230602,Cauca Department,Popayán,Colombia,71,false
http://www.wikidata.org/entity/Q498465,Marib Governorate,Marib,Yemen,41,false
http://www.wikidata.org/entity/Q16595,Salto Department,Salto,Uruguay,52,false
http://www.wikidata.org/entity/Q458382,Mbeya Region,Mbeya,Tanzania,44,false
http://www.wikidata.org/entity/Q235723,Mila Province,Mila,Algeria,53,false
http://www.wikidata.org/entity/Q97233421,Ādaži Municipality,Ādaži,Latvia,32,false
http://www.wikidata.org/entity/Q503941,Sokoto State,Sokoto,Nigeria,62,false
http://www.wikidata.org/entity/Q336494,Abyei,Abyei,South Sudan,34,false
http://www.wikidata.org/entity/Q31065,Qena Governorate,Qena,Egypt,56,false
http://www.wikidata.org/entity/Q31075,Qalyubia Governorate,Benha,Egypt,51,false
http://www.wikidata.org/entity/Q177799,Moyen-Chari Region,Sarh,Chad,35,false
http://www.wikidata.org/entity/Q215452,Batna Province,Batna,Algeria,57,false
http://www.wikidata.org/entity/Q13370246,Municipality of Cirkulane,Cirkulane,Slovenia,24,false
http://www.wikidata.org/entity/Q97233440,Ķekava Municipality,Ķekava,Latvia,31,false
http://www.wikidata.org/entity/Q21235104,Dakhla-Oued Ed-Dahab,Dakhla,Morocco,32,false
http://www.wikidata.org/entity/Q202107,Oromia Region,Adama,Ethiopia,62,false
http://www.wikidata.org/entity/Q534917,Ekiti State,Ado Ekiti,Nigeria,60,false
http://www.wikidata.org/entity/Q213170,Maysan Governorate,Amarah,Iraq,55,false
http://www.wikidata.org/entity/Q2308277,Sveti Nikole Municipality,Sveti Nikole,North Macedonia,30,false
http://www.wikidata.org/entity/Q2792,Tula Oblast,Tula,Russia,124,false
http://www.wikidata.org/entity/Q2810,Bryansk Oblast,Bryansk,Russia,126,false
http://www.wikidata.org/entity/Q2842,Kaluga Oblast,Kaluga,Russia,125,false
http://www.wikidata.org/entity/Q3129,Oryol Oblast,Oryol,Russia,119,false
http://www.wikidata.org/entity/Q3224,New South Wales,Sydney,Australia,171,false
http://www.wikidata.org/entity/Q36687,Victoria,Melbourne,Australia,153,false
http://www.wikidata.org/entity/Q3178,Kursk Oblast,Kursk,Russia,123,false
http://www.wikidata.org/entity/Q3206,Western Australia,Perth,Australia,150,false
http://www.wikidata.org/entity/Q3329,Belgorod Oblast,Belgorod,Russia,127,false
http://www.wikidata.org/entity/Q1222,Aosta Valley,Aosta,Italy,138,false
http://www.wikidata.org/entity/Q58146,Zadar County,Zadar,Croatia,64,false
http://www.wikidata.org/entity/Q1237,Trentino-South Tyrol,Trento,Italy,134,false
http://www.wikidata.org/entity/Q1279,Marche,Ancona,Italy,134,false
http://www.wikidata.org/entity/Q3447,Voronezh Oblast,Voronezh,Russia,124,false
http://www.wikidata.org/entity/Q1280,Umbria,Perugia,Italy,138,false
http://www.wikidata.org/entity/Q1284,Abruzzo,L'Aquila,Italy,146,false
http://www.wikidata.org/entity/Q3510,Lipetsk Oblast,Lipetsk,Russia,123,false
http://www.wikidata.org/entity/Q1443,Molise,Campobasso,Italy,132,false
http://www.wikidata.org/entity/Q1447,Apulia,Bari,Italy,154,false
http://www.wikidata.org/entity/Q1452,Basilicata,Potenza,Italy,136,false
http://www.wikidata.org/entity/Q3550,Tambov Oblast,Tambov,Russia,119,false
http://www.wikidata.org/entity/Q58194,Šibenik-Knin County,Šibenik,Croatia,60,false
http://www.wikidata.org/entity/Q2118,Antofagasta Region,Antofagasta,Chile,70,false
http://www.wikidata.org/entity/Q57071,Karlovac County,Karlovac,Croatia,59,false
http://www.wikidata.org/entity/Q3680,Krasnodar Krai,Krasnodar,Russia,131,false
http://www.wikidata.org/entity/Q712011,Rietavas Municipality,Rietavas,Lithuania,27,false
http://www.wikidata.org/entity/Q3734,Adygea,Maykop,Russia,149,false
http://www.wikidata.org/entity/Q24076693,Ñuble Region,Chillán,Chile,43,false
http://www.wikidata.org/entity/Q2181,Aysén Region,Coyhaique,Chile,67,false
http://www.wikidata.org/entity/Q845834,Bioko Norte,Malabo,Equatorial Guinea,39,false
http://www.wikidata.org/entity/Q2120,Atacama Region,Copiapó,Chile,72,false
http://www.wikidata.org/entity/Q1458,Calabria,Catanzaro,Italy,154,false
http://www.wikidata.org/entity/Q3941,Astrakhan Oblast,Astrakhan,Russia,126,false
http://www.wikidata.org/entity/Q3953,Kalmykia,Elista,Russia,144,false
http://www.wikidata.org/entity/Q4091,Emirate of Fujairah,Fujairah,United Arab Emirates,81,false
http://www.wikidata.org/entity/Q12121,Canton of Lucerne,Lucerne,Switzerland,100,false
http://www.wikidata.org/entity/Q329261,Arusha Region,Arusha,Tanzania,46,false
http://www.wikidata.org/entity/Q15499,Paraná,Curitiba,Brazil,119,false
http://www.wikidata.org/entity/Q7788,Khabarovsk Krai,Khabarovsk,Russia,120,false
http://www.wikidata.org/entity/Q2133,O'Higgins Region,Rancagua,Chile,69,false
http://www.wikidata.org/entity/Q58129,Brod-Posavina County,Slavonski Brod,Croatia,61,false
http://www.wikidata.org/entity/Q205796,Lara,Barquisimeto,Venezuela,63,false
http://www.wikidata.org/entity/Q16967,Zhejiang,Hangzhou,People's Republic of China,126,false
http://www.wikidata.org/entity/Q35715,South Australia,Adelaide,Australia,152,false
http://www.wikidata.org/entity/Q5118,Dagestan,Makhachkala,Russia,166,false
http://www.wikidata.org/entity/Q5187,Chechnya,Grozny,Russia,175,false
http://www.wikidata.org/entity/Q5207,Stavropol Krai,Stavropol,Russia,124,false
http://www.wikidata.org/entity/Q5219,Ingushetia,Magas,Russia,143,false
http://www.wikidata.org/entity/Q5237,North Ossetia–Alania,Vladikavkaz,Russia,145,false
http://www.wikidata.org/entity/Q398116,City Municipality of Novo Mesto,Novo Mesto,Slovenia,27,false
http://www.wikidata.org/entity/Q5267,Kabardino-Balkaria,Nalchik,Russia,139,false
http://www.wikidata.org/entity/Q5328,Karachay-Cherkessia,Cherkessk,Russia,134,false
http://www.wikidata.org/entity/Q5334,Saratov Oblast,Saratov,Russia,122,false
http://www.wikidata.org/entity/Q5338,Orenburg Oblast,Orenburg,Russia,124,false
http://www.wikidata.org/entity/Q5340,Mordovia,Saransk,Russia,131,false
http://www.wikidata.org/entity/Q5387,Kirov Oblast,Kirov,Russia,121,false
http://www.wikidata.org/entity/Q57967,Varaždin County,Varaždin,Croatia,59,false
http://www.wikidata.org/entity/Q5422,Udmurtia,Izhevsk,Russia,136,false
http://www.wikidata.org/entity/Q5446,Mari El,Yoshkar-Ola,Russia,130,false
http://www.wikidata.org/entity/Q5466,Chuvashia,Cheboksary,Russia,138,false
http://www.wikidata.org/entity/Q5545,Penza Oblast,Penza,Russia,117,false
http://www.wikidata.org/entity/Q5634,Ulyanovsk Oblast,Ulyanovsk,Russia,117,false
http://www.wikidata.org/entity/Q58026,Koprivnica-Križevci County,Koprivnica,Croatia,55,false
http://www.wikidata.org/entity/Q658527,Jericho Governorate,Jericho,Palestine,32,false
http://www.wikidata.org/entity/Q58060,Bjelovar-Bilogora County,Bjelovar,Croatia,61,false
http://www.wikidata.org/entity/Q487401,Mary Region,Mary,Turkmenistan,63,false
http://www.wikidata.org/entity/Q1057124,North Central Province,Anuradhapura,Sri Lanka,41,false
http://www.wikidata.org/entity/Q487532,Samarqand Region,Samarkand,Uzbekistan,62,false
http://www.wikidata.org/entity/Q487372,Bukhara Region,Bukhara,Uzbekistan,67,false
http://www.wikidata.org/entity/Q1823,Aceh,Banda Aceh,Indonesia,113,false
http://www.wikidata.org/entity/Q247037,Bethlehem Governorate,Bethlehem,Palestine,35,false
http://www.wikidata.org/entity/Q5824,Tyumen Oblast,Tyumen,Russia,120,false
http://www.wikidata.org/entity/Q5823,Ceuta,Ceuta,Spain,160,false
http://www.wikidata.org/entity/Q47974,Shaanxi,Xi'an,People's Republic of China,123,false
http://www.wikidata.org/entity/Q5748,Castilla–La Mancha,Toledo,Spain,125,false
http://www.wikidata.org/entity/Q58225,Vukovar-Srijem County,Vukovar,Croatia,58,false
http://www.wikidata.org/entity/Q17269,Tibet Autonomous Region,Lhasa,People's Republic of China,130,false
http://www.wikidata.org/entity/Q2140,North Sumatra,Medan,Indonesia,92,false
http://www.wikidata.org/entity/Q5942,Altai Krai,Barnaul,Russia,122,false
http://www.wikidata.org/entity/Q5971,Altai Republic,Gorno-Altaysk,Russia,139,false
http://www.wikidata.org/entity/Q960,Tuva,Kyzyl,Russia,139,false
http://www.wikidata.org/entity/Q6076,Kemerovo Oblast,Kemerovo,Russia,119,false
http://www.wikidata.org/entity/Q5692,South Ostrobothnia,Seinäjoki,Finland,65,false
http://www.wikidata.org/entity/Q6320,Khanty-Mansi Autonomous District,Khanty-Mansiysk,Russia,109,false
http://www.wikidata.org/entity/Q1415,Indiana,Indianapolis,United States,225,false
http://www.wikidata.org/entity/Q40249,Antalya Province,Antalya,Turkey,98,false
http://www.wikidata.org/entity/Q6407,Yamalo-Nenets Autonomous District,Salekhard,Russia,115,false
http://www.wikidata.org/entity/Q183487,Varna,Varna,Bulgaria,73,false
http://www.wikidata.org/entity/Q369220,Burgas,Burgas,Bulgaria,75,false
http://www.wikidata.org/entity/Q13947,Centre-Val de Loire,Orléans,France,128,false
http://www.wikidata.org/entity/Q6585,Irkutsk Oblast,Irkutsk,Russia,132,false
http://www.wikidata.org/entity/Q18677983,Grand Est,Strasbourg,France,108,false
http://www.wikidata.org/entity/Q6605,Sakha,Yakutsk,Russia,151,false
http://www.wikidata.org/entity/Q25104016,Gandaki Province,Pokhara,Nepal,38,false
http://www.wikidata.org/entity/Q6809,Buryatia,Ulan-Ude,Russia,140,false
http://www.wikidata.org/entity/Q6886,Amur Oblast,Blagoveshchensk,Russia,133,false
http://www.wikidata.org/entity/Q18578267,Bourgogne-Franche-Comté,Dijon,France,101,false
http://www.wikidata.org/entity/Q2772,West Sumatra,Padang,Indonesia,87,false
http://www.wikidata.org/entity/Q2191,Leningrad Oblast,Gatchina,Russia,132,false
http://www.wikidata.org/entity/Q167859,Volyn Oblast,Lutsk,Ukraine,102,false
http://www.wikidata.org/entity/Q728947,Sarpang District,Sarpang,Bhutan,42,false
http://www.wikidata.org/entity/Q847527,Mongala,Lisala,Democratic Republic of the Congo,42,false
http://www.wikidata.org/entity/Q1168,Chhattisgarh,Raipur,India,136,false
http://www.wikidata.org/entity/Q170453,Amazonas,Puerto Ayacucho,Venezuela,73,false
http://www.wikidata.org/entity/Q244628,Prachuap Khiri Khan,Prachuap Khiri Khan,Thailand,54,false
http://www.wikidata.org/entity/Q1366107,San Cristóbal Province,San Cristóbal,Dominican Republic,30,false
http://www.wikidata.org/entity/Q241582,Sughd Province,Khujand,Tajikistan,59,false
http://www.wikidata.org/entity/Q184760,County Monaghan,Monaghan,Ireland,64,false
http://www.wikidata.org/entity/Q519311,Jenin Governorate,جنين,Palestine,34,false
http://www.wikidata.org/entity/Q1476289,Saint John Parish,Gouyave,Grenada,28,false
http://www.wikidata.org/entity/Q1952603,Saint Peter,Parham,Antigua and Barbuda,30,false
http://www.wikidata.org/entity/Q158087,Chattogram Division,Chittagong,Bangladesh,65,false
http://www.wikidata.org/entity/Q234916,Cesar Department,Valledupar,Colombia,66,false
http://www.wikidata.org/entity/Q241140,Cotopaxi Province,Latacunga,Ecuador,50,false
http://www.wikidata.org/entity/Q535632,Butha-Buthe District,Butha-Buthe,Lesotho,36,false
http://www.wikidata.org/entity/Q180068,Kohgiluyeh and Boyer-Ahmad Province,Yasuj,Iran,84,false
http://www.wikidata.org/entity/Q334888,Champasak Province,Pāksē,Laos,48,false
http://www.wikidata.org/entity/Q191091,Karlovy Vary Region,Karlovy Vary,Czech Republic,70,false
http://www.wikidata.org/entity/Q171702,Chaharmahal and Bakhtiari Province,Shahr-e Kord,Iran,86,false
http://www.wikidata.org/entity/Q185752,Khost Province,Khost,Afghanistan,72,false
http://www.wikidata.org/entity/Q24260,Canillo,Canillo,Andorra,59,false
http://www.wikidata.org/entity/Q12042075,Ankaran Municipality,Ankaran,Slovenia,18,false
http://www.wikidata.org/entity/Q387994,Shabran District,Shabran,Azerbaijan,46,false
http://www.wikidata.org/entity/Q30669,Sohag Governorate,Sohag,Egypt,52,false
http://www.wikidata.org/entity/Q330839,Shamakhi District,Shamakhi,Azerbaijan,47,false
http://www.wikidata.org/entity/Q605787,Tete Province,Tete,Mozambique,42,false
http://www.wikidata.org/entity/Q876293,Uva Province,Badulla,Sri Lanka,40,false
http://www.wikidata.org/entity/Q867816,Pomoravlje District,Jagodina,Serbia,35,false
http://www.wikidata.org/entity/Q4864476,Plužine Municipality,Plužine,Montenegro,20,false
http://www.wikidata.org/entity/Q467491,Shamkir District,Şəmkir,Azerbaijan,49,false
http://www.wikidata.org/entity/Q2021307,Šakiai District Municipality,Šakiai,Lithuania,26,false
http://www.wikidata.org/entity/Q1799182,Šalčininkai District Municipality,Šalčininkai,Lithuania,29,false
http://www.wikidata.org/entity/Q677400,Šilalė District Municipality,Šilalė,Lithuania,27,false
http://www.wikidata.org/entity/Q282098,Šilutė District Municipality,Šilutė,Lithuania,28,false
http://www.wikidata.org/entity/Q845807,Northern Province,Byumba hospital,Rwanda,43,false
http://www.wikidata.org/entity/Q58882,Širvintos District Municipality,Širvintos,Lithuania,28,false
http://www.wikidata.org/entity/Q2043155,Štrpce Municipality,Štrpce,Kosovo,10,false
http://www.wikidata.org/entity/Q3304454,Žabljak Municipality,Žabljak,Montenegro,22,false
http://www.wikidata.org/entity/Q30682,Matruh Governorate,Marsa Matruh,Egypt,53,false
http://www.wikidata.org/entity/Q956,Beijing,Tongzhou District,People's Republic of China,305,false
http://www.wikidata.org/entity/Q30683,Beni Suef Governorate,Beni Suef,Egypt,55,false
http://www.wikidata.org/entity/Q456556,Midlands Province,Gweru,Zimbabwe,45,false
http://www.wikidata.org/entity/Q465847,Manicaland Province,Mutare,Zimbabwe,46,false
http://www.wikidata.org/entity/Q233640,Saïda Province,Saida,Algeria,55,false
http://www.wikidata.org/entity/Q235718,Jijel Province,Jijel,Algeria,57,false
http://www.wikidata.org/entity/Q231748,Laghouat Province,Laghouat,Algeria,57,false
http://www.wikidata.org/entity/Q236758,Relizane Province,Relizane,Algeria,55,false
http://www.wikidata.org/entity/Q240870,M'Sila Province,M'Sila,Algeria,51,false
http://www.wikidata.org/entity/Q236772,Souk Ahras Province,Souk Ahras,Algeria,54,false
http://www.wikidata.org/entity/Q405100,Aileu municipality,Aileu,Timor-Leste,32,false
http://www.wikidata.org/entity/Q64685186,Bono Region,Sunyani,Ghana,21,false
http://www.wikidata.org/entity/Q405670,Eastern Region,Koforidua,Ghana,44,false
http://www.wikidata.org/entity/Q97229842,Aizkraukle Municipality,Aizkraukle,Latvia,31,false
http://www.wikidata.org/entity/Q850022,Inchiri,Akjoujt,Mauritania,32,false
http://www.wikidata.org/entity/Q2112462,Orhei District,Orhei,Moldova,31,false
http://www.wikidata.org/entity/Q836654,Ondo State,Akure,Nigeria,64,false
http://www.wikidata.org/entity/Q372144,Musandam Governorate,Khasab,Oman,50,false
http://www.wikidata.org/entity/Q1052737,Margibi County,Kakata,Liberia,30,false
http://www.wikidata.org/entity/Q26023,Marj District,encampment of Al Marj,Libya,37,false
http://www.wikidata.org/entity/Q856282,Fatick,Fatick,Senegal,38,false
http://www.wikidata.org/entity/Q192945,Govi-Altai Province,Altai,Mongolia,56,false
http://www.wikidata.org/entity/Q769940,Alytus District Municipality,Alytus,Lithuania,29,false
http://www.wikidata.org/entity/Q3685407,Alytus City Municipality,Alytus,Lithuania,6,false
http://www.wikidata.org/entity/Q385584,Salamat Region,Am Timan,Chad,36,false
http://www.wikidata.org/entity/Q466547,Inhambane Province,Inhambane,Mozambique,44,false
http://www.wikidata.org/entity/Q38893,Racha-Lechkhumi and Kvemo Svaneti,Ambrolauri,Georgia,60,false
http://www.wikidata.org/entity/Q168787,Cabinda Province,Cabinda,Angola,81,false
http://www.wikidata.org/entity/Q654438,Haut-Ogooué Province,Franceville,Gabon,51,false
http://www.wikidata.org/entity/Q80245,Quintana Roo,Chetumal,Mexico,103,false
http://www.wikidata.org/entity/Q13665,Western Visayas,Iloilo City,Philippines,50,false
http://www.wikidata.org/entity/Q850075,Nando,Koudougou,Burkina Faso,36,false
http://www.wikidata.org/entity/Q200130,Azad Kashmir,Muzaffarabad,Pakistan,85,false
http://www.wikidata.org/entity/Q477586,Bor District,Bor,Serbia,42,false
http://www.wikidata.org/entity/Q77997266,Dadra and Nagar Haveli and Daman and Diu,Daman,India,62,false
http://www.wikidata.org/entity/Q203009,Amhara Region,Bahir Dar,Ethiopia,60,false
http://www.wikidata.org/entity/Q499620,Ribeira Grande de Santiago,Cidade Velha,Cape Verde,25,false
http://www.wikidata.org/entity/Q3817714,Enugu State,Enugu,Nigeria,62,false
http://www.wikidata.org/entity/Q97232700,Sigulda Municipality,Sigulda,Latvia,29,false
http://www.wikidata.org/entity/Q269968,Gafsa Governorate,Gafsa,Tunisia,40,false
http://www.wikidata.org/entity/Q328164,Mahdia Governorate,Mahdia,Tunisia,38,false
http://www.wikidata.org/entity/Q388330,Ta'izz Governorate,Ta'izz,Yemen,42,false
http://www.wikidata.org/entity/Q459732,Sylhet Division,Sylhet,Bangladesh,59,false
http://www.wikidata.org/entity/Q207319,Gorno-Badakhshan Autonomous Region,Khorugh,Tajikistan,63,false
http://www.wikidata.org/entity/Q182493,Paktia Province,Gardez,Afghanistan,71,false
http://www.wikidata.org/entity/Q207973,Junín Department,Huancayo,Peru,53,false
http://www.wikidata.org/entity/Q487561,Xorazm Region,Urgench,Uzbekistan,60,false
http://www.wikidata.org/entity/Q243791,Amnat Charoen,Amnat Charoen,Thailand,51,false
http://www.wikidata.org/entity/Q3656386,Gjakova Municipality,Gjakova,Kosovo,10,false
http://www.wikidata.org/entity/Q188947,Kedah,Alor Setar,Malaysia,85,false
http://www.wikidata.org/entity/Q183021,Nimruz Province,Zaranj,Afghanistan,75,false
http://www.wikidata.org/entity/Q244652,Phrae,Mueang Phrae,Thailand,46,false
http://www.wikidata.org/entity/Q173821,Helmand Province,Lashkar Gah,Afghanistan,79,false
http://www.wikidata.org/entity/Q170309,Baghlan Province,Pul-e Khomri,Afghanistan,75,false
http://www.wikidata.org/entity/Q485437,Aktobe Region,Aktobe,Kazakhstan,73,false
http://www.wikidata.org/entity/Q186395,Takhar Province,Taloqan,Afghanistan,70,false
http://www.wikidata.org/entity/Q238492,Chimborazo Province,Riobamba,Ecuador,58,false
http://www.wikidata.org/entity/Q125506,Iğdır Province,Iğdır,Turkey,78,false
http://www.wikidata.org/entity/Q485429,Karaganda Region,Karaganda,Kazakhstan,74,false
http://www.wikidata.org/entity/Q2608046,Santa Catarina do Fogo,Cova Figueira,Cape Verde,22,false
http://www.wikidata.org/entity/Q486144,Pavlodar Region,Pavlodar,Kazakhstan,69,false
http://www.wikidata.org/entity/Q3741,Yogyakarta,Yogyakarta,Indonesia,71,false
http://www.wikidata.org/entity/Q2051,Jambi,Jambi,Indonesia,81,false
http://www.wikidata.org/entity/Q7730,Jewish Autonomous Oblast,Birobidzhan,Russia,125,false
http://www.wikidata.org/entity/Q2175,Riau,Pekanbaru,Indonesia,78,false
http://www.wikidata.org/entity/Q7797,Sakhalin Oblast,Yuzhno-Sakhalinsk,Russia,123,false
http://www.wikidata.org/entity/Q18678265,Occitania,Toulouse,France,104,false
http://www.wikidata.org/entity/Q19843788,Casablanca-Settat,Casablanca,Morocco,35,false
http://www.wikidata.org/entity/Q7948,Kamchatka Krai,Petropavlovsk-Kamchatsky,Russia,123,false
http://www.wikidata.org/entity/Q7971,Magadan Oblast,Magadan,Russia,125,false
http://www.wikidata.org/entity/Q7984,Chukotka Autonomous District,Anadyr,Russia,121,false
http://www.wikidata.org/entity/Q1890,Bengkulu,Bengkulu,Indonesia,78,false
http://www.wikidata.org/entity/Q2271,South Sumatra,Palembang,Indonesia,78,false
http://www.wikidata.org/entity/Q2110,Lampung,Bandar Lampung,Indonesia,79,false
http://www.wikidata.org/entity/Q1866,Bangka Belitung Islands,Pangkal Pinang,Indonesia,75,false
http://www.wikidata.org/entity/Q25104008,Koshi Province,Biratnagar,Nepal,33,false
http://www.wikidata.org/entity/Q190550,Moravian-Silesian Region,Ostrava,Czech Republic,72,false
http://www.wikidata.org/entity/Q37211,Sindh,Karachi,Pakistan,118,false
http://www.wikidata.org/entity/Q41428,Rio de Janeiro,Rio de Janeiro,Brazil,127,false
http://www.wikidata.org/entity/Q5783,Andalusia,Seville,Spain,177,false
http://www.wikidata.org/entity/Q5720,Valencian Community,Valencia,Spain,137,false
http://www.wikidata.org/entity/Q107356467,Balearic Islands,Palma,Spain,3,false
http://www.wikidata.org/entity/Q12697,Canton of Schaffhausen,Schaffhausen,Switzerland,97,false
http://www.wikidata.org/entity/Q13160,Jalisco,Guadalajara,Mexico,113,false
http://www.wikidata.org/entity/Q339462,Timbuktu Region,Timbuktu,Mali,46,false
http://www.wikidata.org/entity/Q33788,New Caledonia,Nouméa,France,188,false
http://www.wikidata.org/entity/Q2223,Riau Islands,Tanjungpinang,Indonesia,83,false
http://www.wikidata.org/entity/Q2175,Riau,Tanjungpinang,Indonesia,78,false
http://www.wikidata.org/entity/Q3540,Banten,Serang,Indonesia,82,false
http://www.wikidata.org/entity/Q4018,Navarre,Pamplona,Spain,130,false
http://www.wikidata.org/entity/Q4040,Aragon,Zaragoza,Spain,152,false
http://www.wikidata.org/entity/Q3724,West Java,Bandung,Indonesia,93,false
http://www.wikidata.org/entity/Q26,Northern Ireland,Belfast,United Kingdom,230,false
http://www.wikidata.org/entity/Q93195,Ulster,Belfast,Ireland,91,false
http://www.wikidata.org/entity/Q25,Wales,Cardiff,United Kingdom,260,false
http://www.wikidata.org/entity/Q4628,Faroe Islands,Tórshavn,Kingdom of Denmark,214,false
http://www.wikidata.org/entity/Q3557,Central Java,Semarang,Indonesia,90,false
http://www.wikidata.org/entity/Q25104015,Bagmati Province,Hetauda,Nepal,35,false
http://www.wikidata.org/entity/Q3586,East Java,Surabaya,Indonesia,100,false
http://www.wikidata.org/entity/Q3125978,Bali,Denpasar,Indonesia,86,false
http://www.wikidata.org/entity/Q3235,Northern Territory,Darwin,Australia,138,false
http://www.wikidata.org/entity/Q191078,Tulcea County,Tulcea,Romania,64,false
http://www.wikidata.org/entity/Q652818,Siem Reap Province,Siem Reap,Cambodia,44,false
http://www.wikidata.org/entity/Q43934,Liaoning,Shenyang,People's Republic of China,124,false
http://www.wikidata.org/entity/Q4478,Punjab,Lahore,Pakistan,112,false
http://www.wikidata.org/entity/Q46862,Hubei,Wuhan,People's Republic of China,134,false
http://www.wikidata.org/entity/Q80434,Aichi Prefecture,Nagoya,Japan,113,false
http://www.wikidata.org/entity/Q19807103,Junagadh and Manavadar,Junagadh,Pakistan,0,false
http://www.wikidata.org/entity/Q1061,Gujarat,Gandhinagar,India,155,false
http://www.wikidata.org/entity/Q5813,Canary Islands,Las Palmas de Gran Canaria,Spain,195,false
http://www.wikidata.org/entity/Q16994,Pays de la Loire,Nantes,France,132,false
http://www.wikidata.org/entity/Q3946,Cantabria,Santander,Spain,130,false
http://www.wikidata.org/entity/Q41358,Styria,Graz,Austria,120,false
http://www.wikidata.org/entity/Q5741,Kurgan Oblast,Kurgan,Russia,119,false
http://www.wikidata.org/entity/Q13984,Casanare Department,Yopal,Colombia,64,false
http://www.wikidata.org/entity/Q192370,Tartu County,Tartu,Estonia,69,false
http://www.wikidata.org/entity/Q5062,West Nusa Tenggara,Mataram,Indonesia,74,false
http://www.wikidata.org/entity/Q5061,East Nusa Tenggara,Kupang,Indonesia,74,false
http://www.wikidata.org/entity/Q3916,West Kalimantan,Pontianak,Indonesia,79,false
http://www.wikidata.org/entity/Q3906,South Kalimantan,Banjarbaru,Indonesia,77,false
http://www.wikidata.org/entity/Q11972,Canton of Aargau,Aarau,Switzerland,103,false
http://www.wikidata.org/entity/Q3908,Galicia,Santiago de Compostela,Spain,166,false
http://www.wikidata.org/entity/Q3995,Basque Country,Vitoria-Gasteiz,Spain,156,false
http://www.wikidata.org/entity/Q5777,Extremadura,Mérida,Spain,130,false
http://www.wikidata.org/entity/Q5813,Canary Islands,Santa Cruz de Tenerife,Spain,195,false
http://www.wikidata.org/entity/Q3891,Central Kalimantan,Palangka Raya,Indonesia,83,false
http://www.wikidata.org/entity/Q2114,Tarapacá Region,Iquique,Chile,69,false
http://www.wikidata.org/entity/Q2121,Coquimbo Region,La Serena,Chile,66,false
http://www.wikidata.org/entity/Q3899,East Kalimantan,Samarinda,Indonesia,84,false
http://www.wikidata.org/entity/Q5067,Gorontalo,Gorontalo,Indonesia,67,false
http://www.wikidata.org/entity/Q5068,North Sulawesi,Gorontalo,Indonesia,73,false
http://www.wikidata.org/entity/Q5078,South Sulawesi,Makassar,Indonesia,75,false
http://www.wikidata.org/entity/Q192697,South Moravian Region,Brno,Czech Republic,79,false
http://www.wikidata.org/entity/Q5075,Southeast Sulawesi,Kendari,Indonesia,72,false
http://www.wikidata.org/entity/Q15701,Kagoshima Prefecture,Kagoshima,Japan,101,false
http://www.wikidata.org/entity/Q201147,Armavir Province,Armavir,Armenia,71,false
http://www.wikidata.org/entity/Q5065,Central Sulawesi,Palu,Indonesia,70,false
http://www.wikidata.org/entity/Q5068,North Sulawesi,Manado,Indonesia,73,false
http://www.wikidata.org/entity/Q331701,Ajdovščina Municipality,Ajdovščina,Slovenia,42,false
http://www.wikidata.org/entity/Q3259688,Municipality of Bovec,Bovec,Slovenia,29,false
http://www.wikidata.org/entity/Q906879,Municipality of Brežice,Brežice,Slovenia,28,false
http://www.wikidata.org/entity/Q3482211,Črnomelj Municipality,Črnomelj,Slovenia,25,false
http://www.wikidata.org/entity/Q3503123,Municipality of Dravograd,Dravograd,Slovenia,27,false
http://www.wikidata.org/entity/Q13377763,Municipality of Domžale,Domžale,Slovenia,23,false
http://www.wikidata.org/entity/Q13377778,Municipality of Grosuplje,Grosuplje,Slovenia,24,false
http://www.wikidata.org/entity/Q13377780,Hrastnik Municipality,Hrastnik,Slovenia,26,false
http://www.wikidata.org/entity/Q3441842,Municipality of Idrija,Idrija,Slovenia,24,false
http://www.wikidata.org/entity/Q3503153,Municipality of Kamnik,Kamnik,Slovenia,27,false
http://www.wikidata.org/entity/Q2242799,Municipality of Postojna,Postojna,Slovenia,27,false
http://www.wikidata.org/entity/Q13377986,Radeče Municipality,Radeče,Slovenia,21,false
http://www.wikidata.org/entity/Q11214302,Sevnica Municipality,Sevnica,Slovenia,22,false
http://www.wikidata.org/entity/Q11211457,Municipality of Slovenska Bistrica,Slovenska Bistrica,Slovenia,24,false
http://www.wikidata.org/entity/Q3441849,City Municipality of Velenje,Velenje,Slovenia,25,false
http://www.wikidata.org/entity/Q394087,Municipality of Žiri,Žiri,Slovenia,34,false
http://www.wikidata.org/entity/Q188283,Canton of Esch-sur-Alzette,Esch-sur-Alzette,Luxembourg,41,false
http://www.wikidata.org/entity/Q691842,Canton of Diekirch,Diekirch,Luxembourg,39,false
http://www.wikidata.org/entity/Q331196,Maldonado Department,Maldonado,Uruguay,54,false
http://www.wikidata.org/entity/Q188373,South Bohemian Region,České Budějovice,Czech Republic,77,false
http://www.wikidata.org/entity/Q1261,Colorado,Denver,United States,230,false
http://www.wikidata.org/entity/Q1439,Texas,Austin,United States,259,false
http://www.wikidata.org/entity/Q816,Arizona,Phoenix,United States,245,false
http://www.wikidata.org/entity/Q487089,Fergana Region,Fergana,Uzbekistan,66,false
http://www.wikidata.org/entity/Q486657,Jambyl Region,Taraz,Kazakhstan,69,false
http://www.wikidata.org/entity/Q427658,Atyrau Region,Atyrau,Kazakhstan,72,false
http://www.wikidata.org/entity/Q486007,West Kazakhstan Region,Oral,Kazakhstan,75,false
http://www.wikidata.org/entity/Q487384,Andijan Region,Andijan,Uzbekistan,65,false
http://www.wikidata.org/entity/Q487393,Daşoguz Region,Daşoguz,Turkmenistan,60,false
http://www.wikidata.org/entity/Q487389,Lebap Region,Türkmenabat,Turkmenistan,62,false
http://www.wikidata.org/entity/Q485088,North Kazakhstan Region,Petropavl,Kazakhstan,72,false
http://www.wikidata.org/entity/Q485605,Kostanay Region,Kostanay,Kazakhstan,71,false
http://www.wikidata.org/entity/Q2551133,Maio,Porto Inglês,Cape Verde,13,false
http://www.wikidata.org/entity/Q272406,Chagang Province,Kanggye,North Korea,57,false
http://www.wikidata.org/entity/Q110171,Ryanggang Province,Hyesan,North Korea,54,false
http://www.wikidata.org/entity/Q484245,Karakalpakstan,Nukus,Uzbekistan,99,false
http://www.wikidata.org/entity/Q494882,Santa Catarina,Assomada,Cape Verde,25,false
http://www.wikidata.org/entity/Q485056,Akmola Region,Kokshetau,Kazakhstan,72,false
http://www.wikidata.org/entity/Q485322,Kyzylorda Region,Kyzylorda,Kazakhstan,71,false
http://www.wikidata.org/entity/Q850423,Qacha's Nek District,Qacha's Nek,Lesotho,34,false
http://www.wikidata.org/entity/Q487537,Surxondaryo Region,Termez,Uzbekistan,59,false
http://www.wikidata.org/entity/Q474876,Namangan Region,Namangan,Uzbekistan,61,false
http://www.wikidata.org/entity/Q738546,Assaba,Kiffa,Mauritania,33,false
http://www.wikidata.org/entity/Q2571624,Brava,Nova Sintra,Cape Verde,12,false
http://www.wikidata.org/entity/Q516835,Mosteiros,Mosteiros,Cape Verde,21,false
http://www.wikidata.org/entity/Q648842,São Vicente,Mindelo,Cape Verde,18,false
http://www.wikidata.org/entity/Q305395,Manzini Region,Manzini,Eswatini,35,false
http://www.wikidata.org/entity/Q466538,Cabo Delgado Province,Pemba,Mozambique,47,false
http://www.wikidata.org/entity/Q849812,Eastern Highlands Province,Goroka,Papua New Guinea,36,false
http://www.wikidata.org/entity/Q3303233,Kolašin Municipality,Kolašin,Montenegro,23,false
http://www.wikidata.org/entity/Q2721003,Sal,Espargos,Cape Verde,13,false
http://www.wikidata.org/entity/Q47090,Prienai District Municipality,Prienai,Lithuania,26,false
http://www.wikidata.org/entity/Q849790,Western Province,Daru,Papua New Guinea,37,false
http://www.wikidata.org/entity/Q170570,Ilam Province,Ilam,Iran,88,false
http://www.wikidata.org/entity/Q189710,Selangor,Shah Alam,Malaysia,79,false
http://www.wikidata.org/entity/Q3299782,Mojkovac Municipality,Mojkovac,Montenegro,22,false
http://www.wikidata.org/entity/Q1229910,Kabarole District,Fort Portal,Uganda,20,false
http://www.wikidata.org/entity/Q1229758,Arua District,Arua,Uganda,19,false
http://www.wikidata.org/entity/Q196674,Zaire Province,M'banza-Kongo,Angola,58,false
http://www.wikidata.org/entity/Q2721025,Boa Vista,Sal Rei,Cape Verde,14,false
http://www.wikidata.org/entity/Q823751,Ogooué-Maritime Province,Port-Gentil,Gabon,47,false
http://www.wikidata.org/entity/Q1131727,Lorestan Province,Khorramabad,Iran,86,false
http://www.wikidata.org/entity/Q868827,Northern Region,Mzuzu,Malawi,42,false
http://www.wikidata.org/entity/Q2128882,Cahul District,Cahul,Moldova,35,false
http://www.wikidata.org/entity/Q205112,Ayacucho Department,Ayacucho,Peru,56,false
http://www.wikidata.org/entity/Q215221,Huanuco Department,Huánuco,Peru,50,false
http://www.wikidata.org/entity/Q233218,Idlib Governorate,Idlib,Syria,62,false
http://www.wikidata.org/entity/Q388059,Tozeur Governorate,Tozeur,Tunisia,36,false
http://www.wikidata.org/entity/Q2089772,Anykščiai District Municipality,Anykščiai,Lithuania,26,false
http://www.wikidata.org/entity/Q109342,North Hwanghae Province,Sariwon,North Korea,53,false
http://www.wikidata.org/entity/Q812064,Bay,Baidoa,Somalia,35,false
http://www.wikidata.org/entity/Q3296677,Rožaje Municipality,Rožaje,Montenegro,24,false
http://www.wikidata.org/entity/Q853272,Sabaragamuwa Province,Ratnapura,Sri Lanka,40,false
http://www.wikidata.org/entity/Q1351157,Saramacca District,Groningen,Suriname,39,false
http://www.wikidata.org/entity/Q1252438,Municipality of Cerkvenjak,Cerkvenjak,Slovenia,26,false
http://www.wikidata.org/entity/Q742455,Nana-Mambéré Prefecture,Bouar,Central African Republic,41,false
http://www.wikidata.org/entity/Q476695,Masally District,Masally,Azerbaijan,46,false
http://www.wikidata.org/entity/Q109380,South Pyongan Province,Pyongsong,North Korea,53,false
http://www.wikidata.org/entity/Q7771127,Pohnpei State,Kolonia,Federated States of Micronesia,33,false
http://www.wikidata.org/entity/Q1139666,Borkou,Faya-Largeau,Chad,34,false
http://www.wikidata.org/entity/Q1034410,Municipality of Braslovče,Braslovče,Slovenia,24,false
http://www.wikidata.org/entity/Q334841,Nakhon Pathom,Nakhon Pathom,Thailand,51,false
http://www.wikidata.org/entity/Q97232890,Talsi Municipality,Talsi,Latvia,33,false
http://www.wikidata.org/entity/Q842495,Sud-Comoé,Aboisso,Ivory Coast,28,false
http://www.wikidata.org/entity/Q856237,Sangha-Mbaéré,Nola,Central African Republic,39,false
http://www.wikidata.org/entity/Q859831,Gorgol,Kaédi,Mauritania,32,false
http://www.wikidata.org/entity/Q580538,Kisoro District,Kisoro,Uganda,22,false
http://www.wikidata.org/entity/Q853400,Wele-Nzas,Mongomo,Equatorial Guinea,33,false
http://www.wikidata.org/entity/Q48239,Murzuq District,Murzuk,Libya,36,false
http://www.wikidata.org/entity/Q139126,Zabul Province,Qalat,Afghanistan,71,false
http://www.wikidata.org/entity/Q823946,Northwest,Bamenda,Cameroon,48,false
http://www.wikidata.org/entity/Q853162,Southern Province,Nyanza,Rwanda,45,false
http://www.wikidata.org/entity/Q769224,Anenii Noi District,Anenii Noi,Moldova,33,false
http://www.wikidata.org/entity/Q207809,Arkhangai Province,Tsetserleg,Mongolia,59,false
http://www.wikidata.org/entity/Q159477,Emirate of Ajman,Ajman,United Arab Emirates,84,false
http://www.wikidata.org/entity/Q243795,Ang Thong,Ang Thong,Thailand,49,false
http://www.wikidata.org/entity/Q591194,Misiones Department,San Juan Bautista,Paraguay,46,false
http://www.wikidata.org/entity/Q207635,Benishangul-Gumuz Region,Asosa,Ethiopia,56,false
http://www.wikidata.org/entity/Q569468,Anseba Region,Keren,Eritrea,42,false
http://www.wikidata.org/entity/Q41079,Inner Mongolia,Hohhot,People's Republic of China,131,false
http://www.wikidata.org/entity/Q271442,Narathiwat,Narathiwat,Thailand,51,false
http://www.wikidata.org/entity/Q1190896,Malaita Province,Auki,Solomon Islands,28,false
http://www.wikidata.org/entity/Q130581074,Bandiagara Region,Bandiagara,Mali,6,false
http://www.wikidata.org/entity/Q594405,La Vega Province,La Vega,Dominican Republic,34,false
http://www.wikidata.org/entity/Q201647,Aghdam District,Aghdam,Azerbaijan,59,false
http://www.wikidata.org/entity/Q175706,Guéra Region,Mongo,Chad,36,false
http://www.wikidata.org/entity/Q210896,Madre de Dios Department,Puerto Maldonado,Peru,54,false
http://www.wikidata.org/entity/Q13701,Soccsksargen,Koronadal,Philippines,47,false
http://www.wikidata.org/entity/Q4703565,Al Batinah South Governorate,Rustaq,Oman,24,false
http://www.wikidata.org/entity/Q500162,Kitgum District,Kitgum,Uganda,22,false
http://www.wikidata.org/entity/Q848567,Mambéré-Kadéï,Berbérati,Central African Republic,39,false
http://www.wikidata.org/entity/Q266411,Bordj Bou Arréridj Province,Bordj Bou Arreridj,Algeria,55,false
http://www.wikidata.org/entity/Q236776,Mascara Province,Mascara,Algeria,56,false
http://www.wikidata.org/entity/Q592249,Deir al-Balah Governorate,Deir al-Balah,Palestine,32,false
http://www.wikidata.org/entity/Q680382,Pomeroon-Supenaam,Anna Regina,Guyana,30,false
http://www.wikidata.org/entity/Q233258,Tiaret Province,Tiaret,Algeria,55,false
http://www.wikidata.org/entity/Q874962,Milne Bay Province,Alotau,Papua New Guinea,37,false
http://www.wikidata.org/entity/Q1676934,Anse la Raye Quarter,Anse La Raye,Saint Lucia,27,false
http://www.wikidata.org/entity/Q245023,Taichung,Xitun District,Taiwan,80,false
http://www.wikidata.org/entity/Q502320,Yaadga,Ouahigouya,Burkina Faso,36,false
http://www.wikidata.org/entity/Q244898,New Taipei City,Banqiao District,Taiwan,76,false
http://www.wikidata.org/entity/Q488811,Jizzakh Region,Jizzakh,Uzbekistan,60,false
http://www.wikidata.org/entity/Q244788,Khövsgöl Province,Mörön,Mongolia,51,false
http://www.wikidata.org/entity/Q1397,Ohio,Columbus,United States,235,false
http://www.wikidata.org/entity/Q15175,Guangdong,Guangzhou,People's Republic of China,136,false
http://www.wikidata.org/entity/Q16963,Jiangsu,Nanjing,People's Republic of China,132,false
http://www.wikidata.org/entity/Q34800,Xinjiang,Ürümqi,People's Republic of China,163,false
http://www.wikidata.org/entity/Q81863,Akita Prefecture,Akita,Japan,106,false
http://www.wikidata.org/entity/Q17152,Central Macedonia Region,Thessaloniki,Greece,78,false
http://www.wikidata.org/entity/Q99,California,Sacramento,United States,287,false
http://www.wikidata.org/entity/Q782,Hawaii,Honolulu,United States,269,false
http://www.wikidata.org/entity/Q1387,Rhode Island,Providence,United States,214,false
http://www.wikidata.org/entity/Q5093,Maluku,Ambon,Indonesia,71,false
http://www.wikidata.org/entity/Q33271,Đồng Nai,Biên Hòa,Vietnam,50,false
http://www.wikidata.org/entity/Q33369,Khánh Hòa,Nha Trang,Vietnam,50,false
http://www.wikidata.org/entity/Q15966495,Republic of Crimea,Simferopol,Russia,100,false
http://www.wikidata.org/entity/Q756294,Autonomous Republic of Crimea,Simferopol,Ukraine,104,false
http://www.wikidata.org/entity/Q200047,Shida Kartli,Gori,Georgia,64,false
http://www.wikidata.org/entity/Q20937,Gyeonggi Province,Suwon,South Korea,85,false
http://www.wikidata.org/entity/Q1509,Tennessee,Nashville,United States,226,false
http://www.wikidata.org/entity/Q829,Utah,Salt Lake City,United States,227,false
http://www.wikidata.org/entity/Q22,Scotland,Edinburgh,United Kingdom,278,false
http://www.wikidata.org/entity/Q15104,Provence-Alpes-Côte d'Azur,Marseille,France,131,false
http://www.wikidata.org/entity/Q165582,Mérida,Mérida,Venezuela,64,false
http://www.wikidata.org/entity/Q1428,Georgia,Atlanta,United States,231,false
http://www.wikidata.org/entity/Q1384,New York,Albany,United States,247,false
http://www.wikidata.org/entity/Q1209,Bremen,Bremen,Germany,132,false
http://www.wikidata.org/entity/Q33354,Cà Mau,Cà Mau,Vietnam,56,false
http://www.wikidata.org/entity/Q1400,Pennsylvania,Harrisburg,United States,235,false
http://www.wikidata.org/entity/Q36721,Lâm Đồng,Đà Lạt,Vietnam,47,false
http://www.wikidata.org/entity/Q104926,Uppsala County,Uppsala,Sweden,76,false
http://www.wikidata.org/entity/Q103093,Västra Götaland County,Gothenburg,Sweden,82,false
http://www.wikidata.org/entity/Q1408,New Jersey,Trenton,United States,231,false
http://www.wikidata.org/entity/Q186295,Košice Region,Košice,Slovakia,69,false
http://www.wikidata.org/entity/Q103672,Jönköping County,Jönköping,Sweden,77,false
http://www.wikidata.org/entity/Q105075,Västmanland County,Västerås,Sweden,73,false
http://www.wikidata.org/entity/Q104940,Östergötland County,Linköping,Sweden,75,false
http://www.wikidata.org/entity/Q26253,Madeira,Funchal,Portugal,153,false
http://www.wikidata.org/entity/Q106789,Värmland County,Karlstad,Sweden,78,false
http://www.wikidata.org/entity/Q45693,Adjara,Batumi,Georgia,100,false
http://www.wikidata.org/entity/Q104877,Västerbotten County,Umeå,Sweden,83,false
http://www.wikidata.org/entity/Q12746,Canton of St. Gallen,St. Gallen,Switzerland,101,false
http://www.wikidata.org/entity/Q104257,Örebro County,Örebro,Sweden,77,false
http://www.wikidata.org/entity/Q103699,Gävleborg County,Gävle,Sweden,79,false
http://www.wikidata.org/entity/Q102377,Blekinge County,Karlskrona,Sweden,84,false
http://www.wikidata.org/entity/Q184228,Žilina region,Žilina,Slovakia,69,false
http://www.wikidata.org/entity/Q127676,Trøndelag,Trondheim,Norway,67,false
http://www.wikidata.org/entity/Q25231,Svalbard,Longyearbyen,Norway,153,false
http://www.wikidata.org/entity/Q189001,Prešov Region,Prešov,Slovakia,69,false
http://www.wikidata.org/entity/Q458417,Nabatieh Governorate,Nabatieh,Lebanon,46,false
http://www.wikidata.org/entity/Q104746,Kronoberg County,Växjö,Sweden,79,false
http://www.wikidata.org/entity/Q181342,Trnava Region,Trnava,Slovakia,71,false
http://www.wikidata.org/entity/Q103686,Norrbotten County,Luleå,Sweden,84,false
http://www.wikidata.org/entity/Q103707,Kalmar County,Kalmar,Sweden,79,false
http://www.wikidata.org/entity/Q172052,Badghis Province,Qala e Naw,Afghanistan,79,false
http://www.wikidata.org/entity/Q184548,Nitra Region,Nitra,Slovakia,69,false
http://www.wikidata.org/entity/Q16551,Vermont,Montpelier,United States,219,false
http://www.wikidata.org/entity/Q216945,Mount Lebanon Governorate,Baabda,Lebanon,48,false
http://www.wikidata.org/entity/Q103732,Dalarna County,Falun,Sweden,81,false
http://www.wikidata.org/entity/Q103679,Jämtland County,Östersund,Sweden,79,false
http://www.wikidata.org/entity/Q103691,Halland County,Halmstad,Sweden,81,false
http://www.wikidata.org/entity/Q319632,Beqaa Governorate,Zahlé,Lebanon,50,false
http://www.wikidata.org/entity/Q26575,Thái Nguyên,Thái Nguyên,Vietnam,48,false
http://www.wikidata.org/entity/Q123258,Fukuoka Prefecture,Fukuoka,Japan,100,false
http://www.wikidata.org/entity/Q182169,Eastern Division,Levuka,Fiji,28,false
http://www.wikidata.org/entity/Q56407177,Vestland,Bergen,Norway,49,false
http://www.wikidata.org/entity/Q115253263,Southwest Papua,Sorong,Indonesia,41,false
http://www.wikidata.org/entity/Q191164,Bolívar,Ciudad Bolívar,Venezuela,70,false
http://www.wikidata.org/entity/Q276580,Jendouba Governorate,Jendouba,Tunisia,40,false
http://www.wikidata.org/entity/Q328199,Kef Governorate,El Kef,Tunisia,40,false
http://www.wikidata.org/entity/Q734328,Manouba Governorate,Manouba,Tunisia,38,false
http://www.wikidata.org/entity/Q286063,Kebili Governorate,Kebili,Tunisia,36,false
http://www.wikidata.org/entity/Q328115,Siliana Governorate,Siliana,Tunisia,36,false
http://www.wikidata.org/entity/Q112810104,Highland Papua,Jayawijaya,Indonesia,41,false
http://www.wikidata.org/entity/Q61439296,South Papua,Merauke,Indonesia,41,false
http://www.wikidata.org/entity/Q12486766,Central Papua,Nabire,Indonesia,41,false
http://www.wikidata.org/entity/Q5095,Papua,Jayapura,Indonesia,86,false
http://www.wikidata.org/entity/Q1581,Missouri,Jefferson City,United States,223,false
http://www.wikidata.org/entity/Q1494,Mississippi,Jackson,United States,220,false
http://www.wikidata.org/entity/Q724,Maine,Augusta,United States,216,false
http://www.wikidata.org/entity/Q1588,Louisiana,Baton Rouge,United States,224,false
http://www.wikidata.org/entity/Q1166,Michigan,Lansing,United States,225,false
http://www.wikidata.org/entity/Q759,New Hampshire,Concord,United States,216,false
http://www.wikidata.org/entity/Q1553,Nebraska,Lincoln,United States,221,false
http://www.wikidata.org/entity/Q1391,Maryland,Annapolis,United States,229,false
http://www.wikidata.org/entity/Q42362,Maranhão,São Luís,Brazil,114,false
http://www.wikidata.org/entity/Q1204,Illinois,Springfield,United States,238,false
http://www.wikidata.org/entity/Q187373,Hamadan Province,Hamadan,Iran,88,false
http://www.wikidata.org/entity/Q1603,Kentucky,Frankfort,United States,221,false
http://www.wikidata.org/entity/Q1527,Minnesota,Saint Paul,United States,223,false
http://www.wikidata.org/entity/Q5708,Päijät-Häme,Lahti,Finland,69,false
http://www.wikidata.org/entity/Q173,Alabama,Montgomery,United States,241,false
http://www.wikidata.org/entity/Q29937,Aswan Governorate,Aswan,Egypt,59,false
http://www.wikidata.org/entity/Q29965,Asyut Governorate,Asyut,Egypt,57,false
http://www.wikidata.org/entity/Q19770,Sichuan,Chengdu,People's Republic of China,141,false
http://www.wikidata.org/entity/Q43684,Henan,Zhengzhou,People's Republic of China,129,false
http://www.wikidata.org/entity/Q502192,Heredia Province,Heredia,Costa Rica,49,false
http://www.wikidata.org/entity/Q502181,Cartago Province,Cartago,Costa Rica,51,false
http://www.wikidata.org/entity/Q642644,Limón Province,Limón,Costa Rica,53,false
http://www.wikidata.org/entity/Q502170,Puntarenas Province,Puntarenas,Costa Rica,52,false
http://www.wikidata.org/entity/Q26273,Sint Maarten,Philipsburg,Kingdom of the Netherlands,126,false
http://www.wikidata.org/entity/Q31057,Norfolk Island,Kingston,Australia,144,false
http://www.wikidata.org/entity/Q18677875,Normandy,Rouen,France,95,false
http://www.wikidata.org/entity/Q11703,United States Virgin Islands,Charlotte Amalie,United States,155,false
http://www.wikidata.org/entity/Q233588,Chiang Mai,Chiang Mai,Thailand,69,false
http://www.wikidata.org/entity/Q53079,Coahuila,Saltillo,Mexico,102,false
http://www.wikidata.org/entity/Q6838,Zabaykalsky Krai,Chita,Russia,114,false
http://www.wikidata.org/entity/Q106915,Södermanland County,Nyköping,Sweden,74,false
http://www.wikidata.org/entity/Q2352376,Kumanovo Municipality,Kumanovo,North Macedonia,33,false
http://www.wikidata.org/entity/Q103738,Gotland County,Visby,Sweden,75,false
http://www.wikidata.org/entity/Q191186,Carabobo,Valencia,Venezuela,65,false
http://www.wikidata.org/entity/Q220451,Azuay Province,Cuenca,Ecuador,55,false
http://www.wikidata.org/entity/Q182633,County Westmeath,Mullingar,Ireland,63,false
http://www.wikidata.org/entity/Q648718,South Bačka District,Novi Sad,Serbia,42,false
http://www.wikidata.org/entity/Q13617,Central Luzon,San Fernando,Philippines,52,false
http://www.wikidata.org/entity/Q16580,Colonia Department,Colonia del Sacramento,Uruguay,54,false
http://www.wikidata.org/entity/Q21208,Hebei,Shijiazhuang,People's Republic of China,127,false
http://www.wikidata.org/entity/Q3191420,Dragash Municipality,Dragash,Kosovo,12,false
http://www.wikidata.org/entity/Q794044,Suhareka Municipality,Suva Reka,Kosovo,11,false
http://www.wikidata.org/entity/Q794063,Malishevë Municipality,Malisheva,Kosovo,9,false
http://www.wikidata.org/entity/Q478278,Zlatibor District,Užice,Serbia,36,false
http://www.wikidata.org/entity/Q648753,Erongo Region,Swakopmund,Namibia,52,false
http://www.wikidata.org/entity/Q667468,West New Britain Province,Kimbe,Papua New Guinea,39,false
http://www.wikidata.org/entity/Q233665,Béjaïa Province,Béjaïa,Algeria,55,false
http://www.wikidata.org/entity/Q185374,Zala County,Zalaegerszeg,Hungary,67,false
http://www.wikidata.org/entity/Q185221,Malacca,Malacca,Malaysia,89,false
http://www.wikidata.org/entity/Q188096,Penang,George Town,Malaysia,89,false
http://www.wikidata.org/entity/Q655,Chihuahua,Chihuahua City,Mexico,110,false
http://www.wikidata.org/entity/Q80908,Campeche,San Francisco de Campeche,Mexico,102,false
http://www.wikidata.org/entity/Q46475,Guanajuato,Guanajuato,Mexico,107,false
http://www.wikidata.org/entity/Q61309,Colima,Colima,Mexico,98,false
http://www.wikidata.org/entity/Q200350,Lori Province,Vanadzor,Armenia,73,false
http://www.wikidata.org/entity/Q201140,Tavush Province,Ijevan,Armenia,74,false
http://www.wikidata.org/entity/Q230882,Atlántico Department,Barranquilla,Colombia,70,false
http://www.wikidata.org/entity/Q12755,Canton of Jura,Delémont,Switzerland,102,false
http://www.wikidata.org/entity/Q11922,Canton of Glarus,Glarus,Switzerland,101,false
http://www.wikidata.org/entity/Q12592,Canton of Nidwalden,Stans,Switzerland,97,false
http://www.wikidata.org/entity/Q12573,Canton of Obwalden,Sarnen,Switzerland,94,false
http://www.wikidata.org/entity/Q12079,Canton of Appenzell Ausserrhoden,Herisau,Switzerland,97,false
http://www.wikidata.org/entity/Q12724,Canton of Ticino,Bellinzona,Switzerland,112,false
http://www.wikidata.org/entity/Q1139082,Isabel Province,Buala,Solomon Islands,27,false
http://www.wikidata.org/entity/Q219690,Quneitra Governorate,Quneitra,Syria,54,false
http://www.wikidata.org/entity/Q131447789,Kita Region,Kita,Mali,7,false
http://www.wikidata.org/entity/Q1062430,Northern Division,Labasa,Fiji,27,false
http://www.wikidata.org/entity/Q232953,Putumayo Department,Mocoa,Colombia,63,false
http://www.wikidata.org/entity/Q1145487,Samaná Province,Samaná,Dominican Republic,32,false
http://www.wikidata.org/entity/Q1140897,Marowijne District,Albina,Suriname,37,false
http://www.wikidata.org/entity/Q605672,Haut-Lomami Province,Kamina,Democratic Republic of the Congo,43,false
http://www.wikidata.org/entity/Q1028215,Gulu District,Gulu City,Uganda,21,false
http://www.wikidata.org/entity/Q165575,Cova Lima Municipality,Suai,Timor-Leste,31,false
http://www.wikidata.org/entity/Q842939,Imo State,Owerri,Nigeria,61,false
http://www.wikidata.org/entity/Q97231990,Madona Municipality,Madona,Latvia,33,false
http://www.wikidata.org/entity/Q1046666,Kedougou Region,Kédougou,Senegal,36,false
http://www.wikidata.org/entity/Q326254,Madang Province,Madang,Papua New Guinea,38,false
http://www.wikidata.org/entity/Q389381,Gazakh District,Gazakh,Azerbaijan,51,false
http://www.wikidata.org/entity/Q464953,Kwara State,Ilorin,Nigeria,62,false
http://www.wikidata.org/entity/Q40395,Belait District,Kuala Belait,Brunei,43,false
http://www.wikidata.org/entity/Q3526470,Kabale District,Kabale,Uganda,21,false
http://www.wikidata.org/entity/Q107397,County Leitrim,Carrick-on-Shannon,Ireland,63,false
http://www.wikidata.org/entity/Q376241,Gombe State,Gombe,Nigeria,63,false
http://www.wikidata.org/entity/Q180330,Farah Province,Farah,Afghanistan,75,false
http://www.wikidata.org/entity/Q821037,Lobaye Prefecture,Mbaïki,Central African Republic,40,false
http://www.wikidata.org/entity/Q732322,Saint Andrew Parish,Wesley,Dominica,30,false
http://www.wikidata.org/entity/Q466212,Nakhon Nayok,Nakhon Nayok,Thailand,48,false
http://www.wikidata.org/entity/Q2128964,Ialoveni District,Ialoveni,Moldova,29,false
http://www.wikidata.org/entity/Q537740,Barima-Waini,Mabaruma,Guyana,33,false
http://www.wikidata.org/entity/Q870166,Faranah Region,Faranah,Guinea,36,false
http://www.wikidata.org/entity/Q848596,Haute-Kotto Prefecture,Bria,Central African Republic,41,false
http://www.wikidata.org/entity/Q1047875,River Gee County,Fish Town,Liberia,31,false
http://www.wikidata.org/entity/Q275388,Loei,Loei,Thailand,50,false
http://www.wikidata.org/entity/Q134413,Sinop Province,Sinop,Turkey,75,false
http://www.wikidata.org/entity/Q145793,Zamfara State,Gusau,Nigeria,61,false
http://www.wikidata.org/entity/Q173816,Kapisa Province,Mahmude Raqi,Afghanistan,73,false
http://www.wikidata.org/entity/Q847682,Thiès Region,Thiès,Senegal,38,false
http://www.wikidata.org/entity/Q778738,Northern Province,Kasama,Zambia,40,false
http://www.wikidata.org/entity/Q498351,Masvingo Province,Masvingo,Zimbabwe,44,false
http://www.wikidata.org/entity/Q178136,Sololá Department,Sololá,Guatemala,42,false
http://www.wikidata.org/entity/Q629538,Oddar Meanchey Province,Samraong,Cambodia,41,false
http://www.wikidata.org/entity/Q4329229,Obiliq Municipality,Obiliq,Kosovo,12,false
http://www.wikidata.org/entity/Q200697,Gilgit-Baltistan,Gilgit,Pakistan,86,false
http://www.wikidata.org/entity/Q487547,Sirdaryo Region,Guliston,Uzbekistan,58,false
http://www.wikidata.org/entity/Q235727,Guelma Province,Guelma,Algeria,54,false
http://www.wikidata.org/entity/Q599448,Chimbu Province,Kundiawa,Papua New Guinea,40,false
http://www.wikidata.org/entity/Q853664,Morobe Province,Lae,Papua New Guinea,38,false
http://www.wikidata.org/entity/Q785367,Lembá,Neves,São Tomé and Príncipe,27,false
http://www.wikidata.org/entity/Q741025,Bamingui-Bangoran Prefecture,N'Délé,Central African Republic,42,false
http://www.wikidata.org/entity/Q131314964,Nioro Region,Nioro du Sahel,Mali,7,false
http://www.wikidata.org/entity/Q2069320,Kaišiadorys District Municipality,Kaišiadorys,Lithuania,26,false
http://www.wikidata.org/entity/Q712832,Volta Region,Ho,Ghana,46,false
http://www.wikidata.org/entity/Q795591,El Progreso Department,Guastatoya,Guatemala,43,false
http://www.wikidata.org/entity/Q57593,Kgatleng District,Mochudi,Botswana,43,false
http://www.wikidata.org/entity/Q427246,Tshuapa,Boende,Democratic Republic of the Congo,41,false
http://www.wikidata.org/entity/Q872228,Biombo Region,Quinhamel,Guinea-Bissau,34,false
http://www.wikidata.org/entity/Q737354,Western Province,Kibuye,Rwanda,47,false
http://www.wikidata.org/entity/Q1137545,Elías Piña Province,Comendador,Dominican Republic,31,false
http://www.wikidata.org/entity/Q3278915,Municipality of Apače,Apače,Slovenia,29,false
http://www.wikidata.org/entity/Q173988,Moxico Province,Luena,Angola,61,false
http://www.wikidata.org/entity/Q283979,Dikhil Region,Dikhil,Djibouti,38,false
http://www.wikidata.org/entity/Q219072,Malanje Province,Malanje,Angola,54,false
http://www.wikidata.org/entity/Q543006,Nakambé (région),Tenkodogo,Burkina Faso,36,false
http://www.wikidata.org/entity/Q225189,Portalegre,Portalegre,Portugal,48,false
http://www.wikidata.org/entity/Q17601,Ghardaïa Province,Ghardaia,Algeria,51,false
http://www.wikidata.org/entity/Q1074443,Qalqilya Governorate,Qalqilya,Palestine,31,false
http://www.wikidata.org/entity/Q230223,Arauca Department,Arauca,Colombia,65,false
http://www.wikidata.org/entity/Q597345,Aračinovo Municipality,Aračinovo,North Macedonia,37,false
http://www.wikidata.org/entity/Q233116,Ariana Governorate,Aryanah,Tunisia,48,false
http://www.wikidata.org/entity/Q775410,Sangha Department,Ouésso,Republic of the Congo,37,false
http://www.wikidata.org/entity/Q11342951,Yap State,Colonia,Federated States of Micronesia,30,false
http://www.wikidata.org/entity/Q780149,monastic community of Mount Athos,Karyes,Greece,31,false
http://www.wikidata.org/entity/Q271737,Nakhon Ratchasima,Nakhon Ratchasima,Thailand,54,false
http://www.wikidata.org/entity/Q867097,Valle Department,Nacaome,Honduras,41,false
http://www.wikidata.org/entity/Q876772,Galguduud,Dusmareb,Somalia,38,false
http://www.wikidata.org/entity/Q1772745,Monte Plata Province,Monte Plata,Dominican Republic,33,false
http://www.wikidata.org/entity/Q1050497,Eastern Province,Kenema,Sierra Leone,33,false
http://www.wikidata.org/entity/Q219648,Lunda Sul Province,Saurimo,Angola,58,false
http://www.wikidata.org/entity/Q216987,Cunene Province,Ondjiva,Angola,57,false
http://www.wikidata.org/entity/Q97232977,Tukums Municipality,Tukums,Latvia,30,false
http://www.wikidata.org/entity/Q244695,Chumphon,Chumphon,Thailand,56,false
http://www.wikidata.org/entity/Q234920,Huila Department,Neiva,Colombia,66,false
http://www.wikidata.org/entity/Q622792,Manica Province,Chimoio,Mozambique,44,false
http://www.wikidata.org/entity/Q97231555,Krāslava Municipality,Krāslava,Latvia,30,false
http://www.wikidata.org/entity/Q215467,Béchar Province,Béchar,Algeria,57,false
http://www.wikidata.org/entity/Q66743,Puducherry,Pondicherry,India,109,false
http://www.wikidata.org/entity/Q876512,Oshikoto Region,Tsumeb,Namibia,42,false
http://www.wikidata.org/entity/Q850043,Tannounyan,Banfora,Burkina Faso,37,false
http://www.wikidata.org/entity/Q233659,Illizi Province,Illizi,Algeria,56,false
http://www.wikidata.org/entity/Q934126,Pamplemousses District,Triolet,Mauritius,35,false
http://www.wikidata.org/entity/Q244699,Phetchaburi,Phetchaburi,Thailand,57,false
http://www.wikidata.org/entity/Q179538,Absheron District,Khyrdalan,Azerbaijan,60,false
http://www.wikidata.org/entity/Q330807,Beylagan District,Beylagan,Azerbaijan,50,false
http://www.wikidata.org/entity/Q236333,Govisümber Province,Choir,Mongolia,51,false
http://www.wikidata.org/entity/Q153335,Tabora Region,Tabora,Tanzania,43,false
http://www.wikidata.org/entity/Q2283574,Pagėgiai Municipality,Pagėgiai,Lithuania,27,false
http://www.wikidata.org/entity/Q487577,Qashqadaryo Region,Qarshi,Uzbekistan,59,false
http://www.wikidata.org/entity/Q1043650,Mamou Region,Mamou,Guinea,35,false
http://www.wikidata.org/entity/Q748486,Western Province,Mongu,Zambia,42,false
http://www.wikidata.org/entity/Q186220,County Longford,Longford,Ireland,61,false
http://www.wikidata.org/entity/Q16609,Rivera Department,Rivera,Uruguay,50,false
http://www.wikidata.org/entity/Q678435,Middle Shebelle,Jowhar,Somalia,33,false
http://www.wikidata.org/entity/Q499465,Mtwara Region,Mtwara,Tanzania,44,false
http://www.wikidata.org/entity/Q31063,Christmas Island,Flying Fish Cove,Australia,153,false
http://www.wikidata.org/entity/Q16635,Guam,Hagåtña,United States,195,false
http://www.wikidata.org/entity/Q35555,Wallis and Futuna,Mata-Utu,France,147,false
http://www.wikidata.org/entity/Q30786,Monufia Governorate,Shibin Al Kawm,Egypt,51,false
http://www.wikidata.org/entity/Q750270,Jerash Governorate,Jerash,Jordan,38,false
http://www.wikidata.org/entity/Q735245,Karak Governorate,Al-Karak,Jordan,40,false
http://www.wikidata.org/entity/Q2523428,Syunik Province,Kapan,Armenia,77,false
http://www.wikidata.org/entity/Q4511,Kotayk Province,Hrazdan,Armenia,73,false
http://www.wikidata.org/entity/Q606340,Ma'an Governorate,Ma'an,Jordan,41,false
http://www.wikidata.org/entity/Q864971,Southland Region,Invercargill,New Zealand,46,false
http://www.wikidata.org/entity/Q11917,Canton of Geneva,Geneva,Switzerland,101,false
http://www.wikidata.org/entity/Q11943,Canton of Zurich,Zurich,Switzerland,101,false
http://www.wikidata.org/entity/Q12172,Canton of Basel-Stadt,Basel,Switzerland,96,false
http://www.wikidata.org/entity/Q29943,Alexandria Governorate,Alexandria,Egypt,61,false
http://www.wikidata.org/entity/Q771,Massachusetts,Boston,United States,229,false
http://www.wikidata.org/entity/Q175,São Paulo,São Paulo,Brazil,135,false
http://www.wikidata.org/entity/Q1904,Ontario,Toronto,Canada,183,false
http://www.wikidata.org/entity/Q223,Greenland,Nuuk,Kingdom of Denmark,255,false
http://www.wikidata.org/entity/Q36579,Quảng Trị,Đông Hà,Vietnam,52,false
http://www.wikidata.org/entity/Q33403,Lạng Sơn,Lạng Sơn,Vietnam,49,false
http://www.wikidata.org/entity/Q33408,Bắc Ninh,Bắc Ninh,Vietnam,54,false
http://www.wikidata.org/entity/Q1612,Arkansas,Little Rock,United States,223,false
http://www.wikidata.org/entity/Q33379,Sơn La,Sơn La,Vietnam,48,false
http://www.wikidata.org/entity/Q36592,An Giang,Long Xuyên,Vietnam,51,false
http://www.wikidata.org/entity/Q36587,Nghệ An,Vinh,Vietnam,51,false
http://www.wikidata.org/entity/Q36690,Đắk Lắk,Buôn Ma Thuột,Vietnam,50,false
http://www.wikidata.org/entity/Q779,Connecticut,Hartford,United States,222,false
http://www.wikidata.org/entity/Q1393,Delaware,Dover,United States,220,false
http://www.wikidata.org/entity/Q2012050,Donetsk Oblast,Kramatorsk,Ukraine,111,false
http://www.wikidata.org/entity/Q192811,Tel Aviv District,Tel Aviv,Israel,68,false
http://www.wikidata.org/entity/Q219458,Valparaíso Region,Valparaíso,Chile,71,false
http://www.wikidata.org/entity/Q33304,Quảng Ngãi,Quảng Ngãi,Vietnam,47,false
http://www.wikidata.org/entity/Q33351,Hà Tĩnh,Hà Tĩnh,Vietnam,49,false
http://www.wikidata.org/entity/Q25362,Saint Barthélemy,Gustavia,France,120,false
http://www.wikidata.org/entity/Q120730,Kyoto Prefecture,Kyoto,Japan,106,false
http://www.wikidata.org/entity/Q133083,Gauteng,Johannesburg,South Africa,98,false
http://www.wikidata.org/entity/Q617375,Hiroshima Prefecture,Hiroshima,Japan,101,false
http://www.wikidata.org/entity/Q43325,Salzburg,Salzburg,Austria,115,false
http://www.wikidata.org/entity/Q7333405,Vĩnh Long,Vĩnh Long,Vietnam,48,false
http://www.wikidata.org/entity/Q1649,Oklahoma,Oklahoma City,United States,222,false
http://www.wikidata.org/entity/Q36074,Queensland,Brisbane,Australia,168,false
http://www.wikidata.org/entity/Q233169,Beni Department,Trinidad,Bolivia,66,false
http://www.wikidata.org/entity/Q235362,Pando Department,Cobija,Bolivia,66,false
http://www.wikidata.org/entity/Q233933,Tarija Department,Tarija,Bolivia,64,false
http://www.wikidata.org/entity/Q238079,Potosí Department,Potosí,Bolivia,67,false
http://www.wikidata.org/entity/Q1061368,Oruro Department,Oruro,Bolivia,66,false
http://www.wikidata.org/entity/Q36676,Đồng Tháp,Cao Lãnh,Vietnam,48,false
http://www.wikidata.org/entity/Q122723,Osaka Prefecture,Osaka,Japan,107,false
http://www.wikidata.org/entity/Q1221,Idaho,Boise,United States,222,false
http://www.wikidata.org/entity/Q32841,Jabal al Akhdar,Al Bayda,Libya,41,false
http://www.wikidata.org/entity/Q344490,İzmir Province,İzmir,Turkey,87,false
http://www.wikidata.org/entity/Q36955,Điện Biên,Điện Biên Phủ,Vietnam,50,false
http://www.wikidata.org/entity/Q164193,Lviv Oblast,Lviv,Ukraine,108,false
http://www.wikidata.org/entity/Q36610,Phú Thọ,Việt Trì,Vietnam,52,false
http://www.wikidata.org/entity/Q36662,Gia Lai,Quy Nhon,Vietnam,49,false
http://www.wikidata.org/entity/Q36512,Thanh Hóa,Thanh Hóa,Vietnam,49,false
http://www.wikidata.org/entity/Q2178,Los Lagos Region,Puerto Montt,Chile,74,false
http://www.wikidata.org/entity/Q44803,Salta Province,Salta,Argentina,92,false
http://www.wikidata.org/entity/Q12640,Canton of Fribourg,Fribourg,Switzerland,101,false
http://www.wikidata.org/entity/Q36235,Hưng Yên,Hưng Yên,Vietnam,47,false
http://www.wikidata.org/entity/Q392522,Alborz Province,Karaj,Iran,84,false
http://www.wikidata.org/entity/Q162475,County Cork,Cork,Ireland,78,false
http://www.wikidata.org/entity/Q40430,Bahia,Salvador,Brazil,125,false
http://www.wikidata.org/entity/Q193317,Pardubice Region,Pardubice,Czech Republic,67,false
http://www.wikidata.org/entity/Q812,Florida,Tallahassee,United States,260,false
http://www.wikidata.org/entity/Q1207,North Dakota,Bismarck,United States,211,false
http://www.wikidata.org/entity/Q502188,Alajuela Province,Alajuela,Costa Rica,56,false
http://www.wikidata.org/entity/Q54155,Lublin Voivodeship,Lublin,Poland,112,false
http://www.wikidata.org/entity/Q18578267,Bourgogne-Franche-Comté,Besançon,France,101,false
http://www.wikidata.org/entity/Q29017181,Bălți Municipality,Bălți,Moldova,5,false
http://www.wikidata.org/entity/Q1037393,Hokkaido,Sapporo,Japan,26,false
http://www.wikidata.org/entity/Q856781,Yangon Region,Yangon,Myanmar,50,false
http://www.wikidata.org/entity/Q169376,Nagasaki Prefecture,Nagasaki,Japan,100,false
http://www.wikidata.org/entity/Q127513,Kanagawa Prefecture,Yokohama,Japan,108,false
http://www.wikidata.org/entity/Q1456,South Carolina,Columbia,United States,217,false
http://www.wikidata.org/entity/Q5712,Southwest Finland,Turku,Finland,68,false
http://www.wikidata.org/entity/Q40549,Adana Province,Adana,Turkey,95,false
http://www.wikidata.org/entity/Q1522,New Mexico,Santa Fe,United States,223,false
http://www.wikidata.org/entity/Q1212,Montana,Helena,United States,216,false
http://www.wikidata.org/entity/Q215649,Dhi Qar Governorate,Nasiriyah,Iraq,54,false
http://www.wikidata.org/entity/Q1214,Wyoming,Cheyenne,United States,217,false
http://www.wikidata.org/entity/Q50630,Nordland,Bodø,Norway,94,false
http://www.wikidata.org/entity/Q120512582,Eastern Region,San Ġwann,Malta,3,false
http://www.wikidata.org/entity/Q17915,Aragatsotn Province,Ashtarak,Armenia,76,false
http://www.wikidata.org/entity/Q20199334,Northern Region,St. Paul's Bay,Malta,11,false
http://www.wikidata.org/entity/Q200124,Vayots Dzor Province,Yeghegnadzor,Armenia,72,false
http://www.wikidata.org/entity/Q199880,Ararat Province,Artashat (Armenia),Armenia,72,false
http://www.wikidata.org/entity/Q199905,Gegharkunik Province,Gavar,Armenia,73,false
http://www.wikidata.org/entity/Q20199405,Southern Region,Qormi,Malta,10,false
http://www.wikidata.org/entity/Q1546,Iowa,Des Moines,United States,224,false
http://www.wikidata.org/entity/Q14112,Corsica,Ajaccio,France,186,false
http://www.wikidata.org/entity/Q34366,Tasmania,Hobart,Australia,168,false
http://www.wikidata.org/entity/Q40040,Amazonas,Manaus,Brazil,119,false
http://www.wikidata.org/entity/Q40030,Rio Grande do Sul,Porto Alegre,Brazil,122,false
http://www.wikidata.org/entity/Q1140742,La Romana,La Romana,Dominican Republic,33,false
http://www.wikidata.org/entity/Q12933,Ilocos Region,San Fernando,Philippines,53,false
http://www.wikidata.org/entity/Q13675,Eastern Visayas,Tacloban,Philippines,48,false
http://www.wikidata.org/entity/Q43690,Bursa Province,Bursa,Turkey,95,false
http://www.wikidata.org/entity/Q1211,South Dakota,Pierre,United States,213,false
http://www.wikidata.org/entity/Q2914461,Autonomous Republic of Abkhazia,Sokhumi,Georgia,30,false
http://www.wikidata.org/entity/Q936088,Temotu Province,Lata,Solomon Islands,33,false
http://www.wikidata.org/entity/Q476703,Ujar District,Ujar,Azerbaijan,47,false
http://www.wikidata.org/entity/Q2129025,Telenești District,Telenești,Moldova,28,false
http://www.wikidata.org/entity/Q457499,Guba District,Guba,Azerbaijan,47,false
http://www.wikidata.org/entity/Q24909562,Ituri Province,Bunia,Democratic Republic of the Congo,48,false
http://www.wikidata.org/entity/Q633511,Khatlon Province,Bokhtar,Tajikistan,56,false
http://www.wikidata.org/entity/Q532153,Bayelsa State,Yenegoa,Nigeria,64,false
http://www.wikidata.org/entity/Q235703,El Bayadh Province,El Bayadh,Algeria,54,false
http://www.wikidata.org/entity/Q338988,Kidal Region,Kidal,Mali,45,false
http://www.wikidata.org/entity/Q185944,Kelantan,Kota Bharu,Malaysia,75,false
http://www.wikidata.org/entity/Q182591,County Wicklow,Wicklow,Ireland,66,false
http://www.wikidata.org/entity/Q2282274,Tearce Municipality,Tearce,North Macedonia,34,false
http://www.wikidata.org/entity/Q737711,Tibesti Region,Bardaï,Chad,32,false
http://www.wikidata.org/entity/Q825799,Coclé Province,Penonomé,Panama,42,false
http://www.wikidata.org/entity/Q309190,Kagera Region,Bukoba,Tanzania,44,false
http://www.wikidata.org/entity/Q834464,Pursat Province,Pursat,Cambodia,41,false
http://www.wikidata.org/entity/Q877028,Lower Shebelle,Merca,Somalia,34,false
http://www.wikidata.org/entity/Q845168,East,Bertoua,Cameroon,46,false
http://www.wikidata.org/entity/Q2128869,Căușeni District,Căușeni,Moldova,32,false
http://www.wikidata.org/entity/Q842886,Herrera Province,Chitré,Panama,40,false
http://www.wikidata.org/entity/Q2069330,Ignalina District Municipality,Ignalina,Lithuania,27,false
http://www.wikidata.org/entity/Q1387044,Kelmė District Municipality,Kelmė,Lithuania,27,false
http://www.wikidata.org/entity/Q2069355,Raseiniai District Municipality,Raseiniai,Lithuania,27,false
http://www.wikidata.org/entity/Q8686,Shanghai,Huangpu District,People's Republic of China,251,false
http://www.wikidata.org/entity/Q948691,Lūang Namthā,Lūang Namthā,Laos,39,false
http://www.wikidata.org/entity/Q14824032,Kavango East Region,Rundu,Namibia,34,false
http://www.wikidata.org/entity/Q850036,Maradi Region,Maradi,Niger,35,false
http://www.wikidata.org/entity/Q622799,Niassa Province,Lichinga,Mozambique,45,false
http://www.wikidata.org/entity/Q864647,Pool Department,Kinkala,Republic of the Congo,45,false
http://www.wikidata.org/entity/Q740656,Malampa,Lakatoro,Vanuatu,40,false
http://www.wikidata.org/entity/Q589848,Sédhiou,Sédhiou,Senegal,33,false
http://www.wikidata.org/entity/Q2412394,Saint David Parish,Chateaubelair,Saint Vincent and the Grenadines,24,false
http://www.wikidata.org/entity/Q930804,San Miguel Department,San Miguel,El Salvador,41,false
http://www.wikidata.org/entity/Q122148951,South Ethiopia Regional State,Wolaita Sodo,Ethiopia,21,false
http://www.wikidata.org/entity/Q211208,Pasco Department,Cerro de Pasco,Peru,50,false
http://www.wikidata.org/entity/Q214814,Pastaza Province,Puyo,Ecuador,47,false
http://www.wikidata.org/entity/Q179437,County Roscommon,Roscommon,Ireland,67,false
http://www.wikidata.org/entity/Q3494723,Municipality of Moravske Toplice,Moravske Toplice,Slovenia,26,false
http://www.wikidata.org/entity/Q823443,Comayagua Department,Comayagua,Honduras,45,false
http://www.wikidata.org/entity/Q466061,Petén Department,Flores,Guatemala,51,false
http://www.wikidata.org/entity/Q1366119,San Pedro de Macorís,San Pedro de Macorís,Dominican Republic,29,false
http://www.wikidata.org/entity/Q151909,Bolama region,Bolama,Guinea-Bissau,37,false
http://www.wikidata.org/entity/Q1262745,Duarte Province,San Francisco de Macorís,Dominican Republic,33,false
http://www.wikidata.org/entity/Q499456,Sucumbíos Province,Nueva Loja,Ecuador,44,false
http://www.wikidata.org/entity/Q3661628,Bohinj Municipality,Bohinjska Bistrica,Slovenia,37,false
http://www.wikidata.org/entity/Q593137,Veraguas Province,Santiago de Veraguas,Panama,44,false
http://www.wikidata.org/entity/Q188147,Kunar Province,Asadabad,Afghanistan,74,false
http://www.wikidata.org/entity/Q818742,Mon State,Mawlamyine,Myanmar,54,false
http://www.wikidata.org/entity/Q337627,Saraburi,Saraburi,Thailand,51,false
http://www.wikidata.org/entity/Q954963,Kassala,Kassala,Sudan,41,false
http://www.wikidata.org/entity/Q29136,Borgou Department,Parakou,Benin,47,false
http://www.wikidata.org/entity/Q1344996,Debar Municipality,Debar,North Macedonia,30,false
http://www.wikidata.org/entity/Q82681,Tlaxcala,Tlaxcala de Xicoténcatl,Mexico,102,false
http://www.wikidata.org/entity/Q846017,Nyanga Province,Tchibanga,Gabon,47,false
http://www.wikidata.org/entity/Q231324,Anjouan,Mutsamudu,Comoros,59,false
http://www.wikidata.org/entity/Q1774848,Valverde Province,Mao,Dominican Republic,30,false
http://www.wikidata.org/entity/Q327097,Sidi Bouzid Governorate,Sidi Bouzid,Tunisia,37,false
http://www.wikidata.org/entity/Q669802,Quiché Department,Santa Cruz del Quiché,Guatemala,42,false
http://www.wikidata.org/entity/Q475038,Galápagos Province,Puerto Baquerizo Moreno,Ecuador,46,false
http://www.wikidata.org/entity/Q62987,Al-Qādisiyyah Governorate,Al Diwaniyah,Iraq,54,false
http://www.wikidata.org/entity/Q43271,Barinas,Barinas,Venezuela,64,false
http://www.wikidata.org/entity/Q191174,Miranda,Los Teques,Venezuela,68,false
http://www.wikidata.org/entity/Q140631,Tainan,Sinying District,Taiwan,81,false
http://www.wikidata.org/entity/Q140631,Tainan,Anping District,Taiwan,81,false
http://www.wikidata.org/entity/Q705941,Arta Region,Arta,Djibouti,41,false
http://www.wikidata.org/entity/Q2012050,Donetsk Oblast,Bakhmut,Ukraine,111,false
http://www.wikidata.org/entity/Q11736,Tianjin,Hexi District,People's Republic of China,156,false
http://www.wikidata.org/entity/Q16603,Artigas Department,Artigas,Uruguay,55,false
http://www.wikidata.org/entity/Q1116700,Makira-Ulawa Province,Kirakira,Solomon Islands,29,false
http://www.wikidata.org/entity/Q11725,Chongqing,Yuzhong District,People's Republic of China,153,false
http://www.wikidata.org/entity/Q626052,South Hwanghae Province,Haeju,North Korea,53,false
http://www.wikidata.org/entity/Q115256,Taoyuan,Taoyuan District,Taiwan,57,false
http://www.wikidata.org/entity/Q334884,Bokeo Province,Ban Houayxay,Laos,43,false
http://www.wikidata.org/entity/Q234713,Övörkhangai Province,Arvaikheer,Mongolia,53,false
http://www.wikidata.org/entity/Q193494,Afar Region,Asaita,Ethiopia,61,false
http://www.wikidata.org/entity/Q233655,Bouira Province,Bouïra,Algeria,57,false
http://www.wikidata.org/entity/Q461298,Sikasso Region,Sikasso,Mali,45,false
http://www.wikidata.org/entity/Q930820,La Libertad Department,Santa Tecla,El Salvador,43,false
http://www.wikidata.org/entity/Q508773,Cayo District,San Ignacio,Belize,44,false
http://www.wikidata.org/entity/Q97230466,Dobele Municipality,Dobele,Latvia,29,false
http://www.wikidata.org/entity/Q1048184,Toplica District,Prokuplje,Serbia,37,false
http://www.wikidata.org/entity/Q1091595,Mbarara District,Mbarara City,Uganda,18,false
http://www.wikidata.org/entity/Q194098,Khovd Province,Khovd,Mongolia,53,false
http://www.wikidata.org/entity/Q97232220,Ogre Municipality,Ogre,Latvia,31,false
http://www.wikidata.org/entity/Q826585,Tanganyika,Kalemie,Democratic Republic of the Congo,40,false
http://www.wikidata.org/entity/Q2140753,Salaspils Municipality,Salaspils,Latvia,30,false
http://www.wikidata.org/entity/Q205784,Portuguesa,Guanare,Venezuela,61,false
http://www.wikidata.org/entity/Q794039,Rahovec Municipality,Rahovec,Kosovo,12,false
http://www.wikidata.org/entity/Q741017,Boquerón Department,Filadelfia,Paraguay,49,false
http://www.wikidata.org/entity/Q691781,Canton of Remich,Remich,Luxembourg,41,false
http://www.wikidata.org/entity/Q46786,Kėdainiai District Municipality,Kėdainiai,Lithuania,27,false
http://www.wikidata.org/entity/Q309352,Iringa Region,Iringa,Tanzania,46,false
http://www.wikidata.org/entity/Q366626,Adrar,Atar,Mauritania,35,false
http://www.wikidata.org/entity/Q559537,Kwilu,Bandundu,Democratic Republic of the Congo,43,false
http://www.wikidata.org/entity/Q494877,São Salvador do Mundo,Picos,Cape Verde,25,false
http://www.wikidata.org/entity/Q652056,Bas-Uele,Buta,Democratic Republic of the Congo,40,false
http://www.wikidata.org/entity/Q4501894,Ash Sharqiyah South Governorate,Sur,Oman,25,false
http://www.wikidata.org/entity/Q16575,Cerro Largo Department,Melo,Uruguay,53,false
http://www.wikidata.org/entity/Q1147515,Nickerie District,Nieuw Nickerie,Suriname,40,false
http://www.wikidata.org/entity/Q27928,Southern Red Sea Region,Assab,Eritrea,42,false
http://www.wikidata.org/entity/Q5701,Pirkanmaa,Tampere,Finland,73,false
http://www.wikidata.org/entity/Q1227,Nevada,Carson City,United States,231,false
http://www.wikidata.org/entity/Q1558,Kansas,Topeka,United States,225,false
http://www.wikidata.org/entity/Q1454,North Carolina,Raleigh,United States,216,false
http://www.wikidata.org/entity/Q1162,Arunachal Pradesh,Itanagar,India,145,false
http://www.wikidata.org/entity/Q214064,Aleppo Governorate,Aleppo,Syria,59,false
http://www.wikidata.org/entity/Q1183,Puerto Rico,San Juan,United States,222,false
http://www.wikidata.org/entity/Q54153,Kuyavian-Pomeranian Voivodeship,Bydgoszcz,Poland,102,false
http://www.wikidata.org/entity/Q41967,Upper Austria,Linz,Austria,115,false
http://www.wikidata.org/entity/Q181633,Mykolaiv Oblast,Mykolaiv,Ukraine,101,false
http://www.wikidata.org/entity/Q185845,Haifa District,Haifa,Israel,67,false
http://www.wikidata.org/entity/Q37985,Carinthia,Klagenfurt am Wörthersee,Austria,122,false
http://www.wikidata.org/entity/Q188781,Southern District,Beersheba,Israel,70,false
http://www.wikidata.org/entity/Q187677,Vas County,Szombathely,Hungary,69,false
http://www.wikidata.org/entity/Q1367759,Isfahan Province,Isfahan,Iran,99,false
http://www.wikidata.org/entity/Q41154,North Gyeongsang,Andong,South Korea,70,false
http://www.wikidata.org/entity/Q41164,Jeju Province,Jeju,South Korea,71,false
http://www.wikidata.org/entity/Q41157,North Jeolla,Jeonju,South Korea,69,false
http://www.wikidata.org/entity/Q41066,North Chungcheong,Cheongju,South Korea,70,false
http://www.wikidata.org/entity/Q41071,Gangwon Province,Chuncheon,South Korea,68,false
http://www.wikidata.org/entity/Q170666,Kharkiv Oblast,Kharkiv,Ukraine,101,false
http://www.wikidata.org/entity/Q912359,Northern Province,Makeni,Sierra Leone,31,false
http://www.wikidata.org/entity/Q1223,Washington,Olympia,United States,223,false
http://www.wikidata.org/entity/Q1772983,Santiago Province,Santiago de los Caballeros,Dominican Republic,31,false
http://www.wikidata.org/entity/Q39109,Minas Gerais,Belo Horizonte,Brazil,123,false
http://www.wikidata.org/entity/Q19206,Heilongjiang,Harbin,People's Republic of China,127,false
http://www.wikidata.org/entity/Q2012050,Donetsk Oblast,Donetsk,Ukraine,111,false
http://www.wikidata.org/entity/Q83102,Edirne Province,Edirne,Turkey,85,false
http://www.wikidata.org/entity/Q1370,Virginia,Richmond,United States,234,false
http://www.wikidata.org/entity/Q120971341,Chandigarh,Chandigarh,India,8,false
http://www.wikidata.org/entity/Q22424,Punjab,Chandigarh,India,137,false
http://www.wikidata.org/entity/Q1174,Haryana,Chandigarh,India,139,false
http://www.wikidata.org/entity/Q46070,Plzeň Region,Plzeň,Czech Republic,75,false
http://www.wikidata.org/entity/Q40123,Ceará,Fortaleza,Brazil,118,false
http://www.wikidata.org/entity/Q335464,Guayas Province,Guayaquil,Ecuador,53,false
http://www.wikidata.org/entity/Q29158,Littoral,Cotonou,Benin,46,false
http://www.wikidata.org/entity/Q1537,Wisconsin,Madison,United States,225,false
http://www.wikidata.org/entity/Q824,Oregon,Salem,United States,226,false
http://www.wikidata.org/entity/Q44754,Buenos Aires Province,La Plata,Argentina,98,false
http://www.wikidata.org/entity/Q44756,Catamarca Province,San Fernando del Valle de Catamarca,Argentina,89,false
http://www.wikidata.org/entity/Q44757,Chaco Province,Resistencia,Argentina,88,false
http://www.wikidata.org/entity/Q44759,Córdoba Province,Córdoba,Argentina,90,false
http://www.wikidata.org/entity/Q44758,Corrientes Province,Corrientes,Argentina,88,false
http://www.wikidata.org/entity/Q45007,Chubut Province,Rawson,Argentina,94,false
http://www.wikidata.org/entity/Q44761,Formosa Province,Formosa,Argentina,86,false
http://www.wikidata.org/entity/Q44795,La Pampa Province,Santa Rosa,Argentina,85,false
http://www.wikidata.org/entity/Q44762,Entre Ríos Province,Paraná,Argentina,88,false
http://www.wikidata.org/entity/Q44764,Jujuy Province,San Salvador de Jujuy,Argentina,91,false
http://www.wikidata.org/entity/Q44798,Misiones Province,Posadas,Argentina,88,false
http://www.wikidata.org/entity/Q44800,Neuquén Province,Neuquén,Argentina,88,false
http://www.wikidata.org/entity/Q44796,La Rioja Province,La Rioja,Argentina,86,false
http://www.wikidata.org/entity/Q44797,Mendoza Province,Mendoza,Argentina,93,false
http://www.wikidata.org/entity/Q44821,Santa Cruz Province,Río Gallegos,Argentina,90,false
http://www.wikidata.org/entity/Q44818,San Luis Province,San Luis,Argentina,87,false
http://www.wikidata.org/entity/Q44802,Río Negro Province,Viedma,Argentina,86,false
http://www.wikidata.org/entity/Q44805,San Juan Province,San Juan,Argentina,86,false
http://www.wikidata.org/entity/Q44823,Santa Fe Province,Santa Fe,Argentina,91,false
http://www.wikidata.org/entity/Q44832,"Tierra del Fuego, Antarctica and South Atlantic Islands Province",Ushuaia,Argentina,82,false
http://www.wikidata.org/entity/Q44829,Tucumán Province,San Miguel de Tucumán,Argentina,87,false
http://www.wikidata.org/entity/Q44827,Santiago del Estero Province,Santiago del Estero,Argentina,85,false
http://www.wikidata.org/entity/Q120512576,Western Region,Rabat,Malta,4,false
http://www.wikidata.org/entity/Q3769,French Guiana,Cayenne,France,222,false
http://www.wikidata.org/entity/Q1371,West Virginia,Charleston,United States,215,false
http://www.wikidata.org/entity/Q192061,Viljandi County,Viljandi,Estonia,69,false
http://www.wikidata.org/entity/Q191813,Põlva County,Põlva,Estonia,68,false
http://www.wikidata.org/entity/Q188068,Järva County,Paide,Estonia,67,false
http://www.wikidata.org/entity/Q388995,Trabzon Province,Trabzon,Turkey,83,false
http://www.wikidata.org/entity/Q182844,Herat Province,Herat,Afghanistan,77,false
http://www.wikidata.org/entity/Q173808,Kandahar Province,Kandahar,Afghanistan,78,false
http://www.wikidata.org/entity/Q186195,Baranya County,Pécs,Hungary,67,false
http://www.wikidata.org/entity/Q131277,Gifu Prefecture,Gifu,Japan,98,false
http://www.wikidata.org/entity/Q213944,Annaba Province,Annaba,Algeria,56,false
http://www.wikidata.org/entity/Q234680,Selenge Province,Sükhbaatar,Mongolia,51,false
http://www.wikidata.org/entity/Q241145,Sfax Governorate,Sfax,Tunisia,40,false
http://www.wikidata.org/entity/Q181209,Suceava County,Suceava,Romania,72,false
http://www.wikidata.org/entity/Q13377731,Municipality of Bistrica ob Sotli,Bistrica ob Sotli,Slovenia,27,false
http://www.wikidata.org/entity/Q47896,Miyagi Prefecture,Sendai,Japan,108,false
http://www.wikidata.org/entity/Q17070,Réunion,Saint-Denis,France,182,false
http://www.wikidata.org/entity/Q5704,North Ostrobothnia,Oulu,Finland,74,false
http://www.wikidata.org/entity/Q222564,Itapúa Department,Encarnación,Paraguay,46,false
http://www.wikidata.org/entity/Q762573,Gaza Governorate,Gaza City,Palestine,37,false
http://www.wikidata.org/entity/Q39760,Gaza Strip,Gaza City,Palestine,180,false
http://www.wikidata.org/entity/Q54153,Kuyavian-Pomeranian Voivodeship,Toruń,Poland,102,false
http://www.wikidata.org/entity/Q19951088,Laâyoune-Sakia El Hamra,Laayoune,Morocco,31,false
http://www.wikidata.org/entity/Q1498,Uttar Pradesh,Lucknow,India,148,false
http://www.wikidata.org/entity/Q193551,Basra Governorate,Basra,Iraq,59,false
http://www.wikidata.org/entity/Q170672,Dnipropetrovsk Oblast,Dnipro,Ukraine,108,false
http://www.wikidata.org/entity/Q123304,Antioquia,Medellín,Colombia,77,false
http://www.wikidata.org/entity/Q130290,Hyōgo Prefecture,Kobe,Japan,102,false
http://www.wikidata.org/entity/Q5689,Åland,Mariehamn,Finland,160,false
http://www.wikidata.org/entity/Q483472,Kayseri Province,Kayseri,Turkey,77,false
http://www.wikidata.org/entity/Q36004,Cocos (Keeling) Islands,West Island,Australia,135,false
http://www.wikidata.org/entity/Q2308287,Strumica Municipality,Strumica,North Macedonia,32,false
http://www.wikidata.org/entity/Q41070,South Chungcheong,Hongseong County,South Korea,70,false
http://www.wikidata.org/entity/Q16520,Busan,Yeonje District,South Korea,145,false
http://www.wikidata.org/entity/Q8684,Seoul,Jung District,South Korea,260,false
http://www.wikidata.org/entity/Q13990,Valle del Cauca Department,Cali,Colombia,68,false
http://www.wikidata.org/entity/Q13993,Risaralda Department,Pereira,Colombia,67,false
http://www.wikidata.org/entity/Q2189,Magellan and the Chilean Antarctic Region,Punta Arenas,Chile,75,false
http://www.wikidata.org/entity/Q16641,American Samoa,Pago Pago,United States,178,false
http://www.wikidata.org/entity/Q46910,Chin State,Hakha,Myanmar,65,false
http://www.wikidata.org/entity/Q233838,Rakhine State,Sittwe,Myanmar,71,false
http://www.wikidata.org/entity/Q2048755,Ferizaj Municipality,Ferizaj,Kosovo,13,false
http://www.wikidata.org/entity/Q862753,Lékoumou Department,Sibiti,Republic of the Congo,41,false
http://www.wikidata.org/entity/Q671158,Santa Ana Department,Santa Ana,El Salvador,42,false
http://www.wikidata.org/entity/Q2513453,Gjilan Municipality,Gjilan,Kosovo,12,false
http://www.wikidata.org/entity/Q124725,Kosovo-Pomoravlje District,Gjilan,Serbia,21,false
http://www.wikidata.org/entity/Q287789,Koulikoro Region,Koulikoro,Mali,47,false
http://www.wikidata.org/entity/Q1309042,Upper Demerara-Berbice,Linden,Guyana,29,false
http://www.wikidata.org/entity/Q550021,Canton of Wiltz,Wiltz,Luxembourg,37,false
http://www.wikidata.org/entity/Q1154332,Atua,Lufilufi,Samoa,27,false
http://www.wikidata.org/entity/Q867219,Kalangala District,Kalangala,Uganda,28,false
http://www.wikidata.org/entity/Q269270,Mae Hong Son,Mae Hong Son,Thailand,54,false
http://www.wikidata.org/entity/Q1351768,Jonava District Municipality,Jonava,Lithuania,27,false
http://www.wikidata.org/entity/Q120512566,Port Region,Tarxien,Malta,4,false
http://www.wikidata.org/entity/Q59596,Northland Region,Whangārei,New Zealand,59,false
http://www.wikidata.org/entity/Q97232673,Saldus Municipality,Saldus,Latvia,30,false
http://www.wikidata.org/entity/Q97231943,Ludza Municipality,Ludza,Latvia,30,false
http://www.wikidata.org/entity/Q351514,Adamawa,Ngaoundéré,Cameroon,53,false
http://www.wikidata.org/entity/Q823774,Ngounié Province,Mouila,Gabon,50,false
http://www.wikidata.org/entity/Q249293,Zardab District,Zardab,Azerbaijan,46,false
http://www.wikidata.org/entity/Q459723,Barisal Division,Barishal,Bangladesh,59,false
http://www.wikidata.org/entity/Q810923,Battambang Province,Battambang,Cambodia,45,false
http://www.wikidata.org/entity/Q178626,County Mayo,Castlebar,Ireland,70,false
http://www.wikidata.org/entity/Q238629,Meta,Villavicencio,Colombia,64,false
http://www.wikidata.org/entity/Q465940,Savannakhet Province,Savannakhet,Laos,44,false
http://www.wikidata.org/entity/Q212761,Al Muthanna Governorate,Samawah,Iraq,55,false
http://www.wikidata.org/entity/Q1992752,Bogdanci Municipality,Bogdanci,North Macedonia,34,false
http://www.wikidata.org/entity/Q321729,Carchi Province,Tulcán,Ecuador,48,false
http://www.wikidata.org/entity/Q12621,Hodh Ech Chargui,Néma,Mauritania,31,false
http://www.wikidata.org/entity/Q2054290,Gozo Region (Għawdex),Rabat,Malta,15,false
http://www.wikidata.org/entity/Q209187,Gulbene Municipality,Gulbene,Latvia,30,false
http://www.wikidata.org/entity/Q202800,Somali Region,Jijiga,Ethiopia,61,false
http://www.wikidata.org/entity/Q1070673,Sidama Region,Hawaasa,Ethiopia,32,false
http://www.wikidata.org/entity/Q180414,Batha Region,Ati,Chad,38,false
http://www.wikidata.org/entity/Q843903,Tagant,Tidjikja,Mauritania,32,false
http://www.wikidata.org/entity/Q97230452,South Kurzeme Municipality,Grobiņa,Latvia,18,false
http://www.wikidata.org/entity/Q201162,Amazonas Department,Chachapoyas,Peru,63,false
http://www.wikidata.org/entity/Q503004,Attapeu Province,Attapư̄,Laos,45,false
http://www.wikidata.org/entity/Q952510,Commewijne District,Nieuw Amsterdam,Suriname,42,false
http://www.wikidata.org/entity/Q207638,Gambela Region,Gambela,Ethiopia,59,false
http://www.wikidata.org/entity/Q487570,Navoiy Region,Navoiy,Uzbekistan,62,false
http://www.wikidata.org/entity/Q2043136,Kamenica Municipality,"Kamenica, Kosovo",Kosovo,13,false
http://www.wikidata.org/entity/Q457508,Gobustan District,Gobustan,Azerbaijan,47,false
http://www.wikidata.org/entity/Q843975,Chari-Baguirmi Region,Massenya,Chad,38,false
http://www.wikidata.org/entity/Q850064,Kuilsé,Kaya,Burkina Faso,39,false
http://www.wikidata.org/entity/Q1355642,Ribeira Grande,Ponta do Sol,Cape Verde,26,false
http://www.wikidata.org/entity/Q242932,Nonthaburi,Nonthaburi,Thailand,52,false
http://www.wikidata.org/entity/Q1475374,Paul,Pombas,Cape Verde,28,false
http://www.wikidata.org/entity/Q235805,Tissemsilt Province,Tissemsilt,Algeria,52,false
http://www.wikidata.org/entity/Q233670,Aïn Témouchent Province,Aïn Témouchent,Algeria,56,false
http://www.wikidata.org/entity/Q236752,Boumerdès Province,Boumerdès,Algeria,53,false
http://www.wikidata.org/entity/Q236788,El Tarf Province,El Taref,Algeria,54,false
http://www.wikidata.org/entity/Q867089,Olancho Department,Juticalpa,Honduras,42,false
http://www.wikidata.org/entity/Q845702,Ohangwena Region,Eenhana,Namibia,43,false
http://www.wikidata.org/entity/Q16250688,Panamá Oeste Province,La Chorrera,Panama,32,false
http://www.wikidata.org/entity/Q876339,North Western Province,Kurunegala,Sri Lanka,39,false
http://www.wikidata.org/entity/Q16456513,Klaipeda City Municipality,Klaipėda,Lithuania,4,false
http://www.wikidata.org/entity/Q817327,Thaba-Tseka District,Thaba-Tseka,Lesotho,34,false
http://www.wikidata.org/entity/Q468547,Nakhon Phanom,Nakhon Phanom,Thailand,47,false
http://www.wikidata.org/entity/Q191299,Bengo Province,Dande,Angola,62,false
http://www.wikidata.org/entity/Q216998,Cuanza Sul Province,Sumbe,Angola,62,false
http://www.wikidata.org/entity/Q795587,Escuintla Department,Escuintla,Guatemala,42,false
http://www.wikidata.org/entity/Q457189,Mashonaland West Province,Chinhoyi,Zimbabwe,46,false
http://www.wikidata.org/entity/Q2447449,Fushë Kosovë Municipality,Kosovo Polje,Kosovo,13,false
http://www.wikidata.org/entity/Q335471,Cañar Province,Azogues,Ecuador,48,false
http://www.wikidata.org/entity/Q1785093,Kosrae State,Tofol,Federated States of Micronesia,8,false
http://www.wikidata.org/entity/Q117714,Anambra State,Awka,Nigeria,66,false
http://www.wikidata.org/entity/Q205089,Áncash Department,Huaraz,Peru,58,false
http://www.wikidata.org/entity/Q115318,Ruvuma Region,Songea,Tanzania,45,false
http://www.wikidata.org/entity/Q235574,Songkhla,Songkhla,Thailand,58,false
http://www.wikidata.org/entity/Q504260,Los Ríos Province,Babahoyo,Ecuador,49,false
http://www.wikidata.org/entity/Q233675,Naama Province,Naâma,Algeria,56,false
http://www.wikidata.org/entity/Q799791,Bafatá,Bafatá,Guinea-Bissau,35,false
http://www.wikidata.org/entity/Q165784,West,Bafoussam,Cameroon,45,false
http://www.wikidata.org/entity/Q800124,Bago Region,Bago,Myanmar,52,false
http://www.wikidata.org/entity/Q763504,Biržai District Municipality,Biržai,Lithuania,28,false
http://www.wikidata.org/entity/Q276200,Bayankhongor Province,Bayankhongor,Mongolia,54,false
http://www.wikidata.org/entity/Q848560,Ouaka Prefecture,Bambari,Central African Republic,39,false
http://www.wikidata.org/entity/Q574952,Grand Kru County,Barclayville,Liberia,30,false
http://www.wikidata.org/entity/Q873012,Gash-Barka Region,Barentu,Eritrea,40,false
http://www.wikidata.org/entity/Q1146777,Cuyuni-Mazaruni,Bartica,Guyana,29,false
http://www.wikidata.org/entity/Q244804,Sükhbaatar Province,Baruun-Urt,Mongolia,52,false
http://www.wikidata.org/entity/Q1980044,Basarabeasca District,Basarabeasca,Moldova,34,false
http://www.wikidata.org/entity/Q811132,Baucau Municipality,Baucau,Timor-Leste,33,false
http://www.wikidata.org/entity/Q503936,Bauchi State,Bauchi,Nigeria,65,false
http://www.wikidata.org/entity/Q1053595,Plaines Wilhems District,Beau Bassin-Rose Hill,Mauritius,32,false
http://www.wikidata.org/entity/Q276576,Béja Governorate,Béja,Tunisia,41,false
http://www.wikidata.org/entity/Q660040,Hiran,Beledweyne,Somalia,36,false
http://www.wikidata.org/entity/Q380752,Udon Thani,Udon Thani,Thailand,52,false
http://www.wikidata.org/entity/Q230584,Chocó Department,Quibdó,Colombia,67,false
http://www.wikidata.org/entity/Q238555,Ben Arous Governorate,Ben Arous,Tunisia,43,false
http://www.wikidata.org/entity/Q327045,Tataouine Governorate,Tataouine,Tunisia,37,false
http://www.wikidata.org/entity/Q19953016,Béni Mellal-Khénifra,Beni Mellal,Morocco,34,false
http://www.wikidata.org/entity/Q191346,Pahang,Kuantan,Malaysia,77,false
http://www.wikidata.org/entity/Q862608,Montserrado County,Bensonville,Liberia,34,false
http://www.wikidata.org/entity/Q215268,Cuando Cubango Province,Menongue,Angola,58,false
http://www.wikidata.org/entity/Q153339,Shinyanga Region,Shinyanga,Tanzania,43,false
http://www.wikidata.org/entity/Q823976,Far North,Maroua,Cameroon,47,false
http://www.wikidata.org/entity/Q2089791,Kupiškis District Municipality,Kupiškis,Lithuania,26,false
